CD_REF,NOM_VALIDE,binomial_acc_name,AnimalFood,EnvironmentalUses,Fuels,GeneSources,HumanFood,InvertebrateFood,Materials,Medicines,Poisons,SocialUses
79319,"Abies alba Mill., 1768",Abies alba,0,0,0,0,0,0,1,1,0,0
79691,"Acacia dealbata Link, 1822",Acacia dealbata,0,1,1,1,1,1,1,1,0,0
79734,"Acer campestre L., 1753",Acer campestre,0,1,0,0,0,0,1,1,0,0
79766,"Acer negundo L., 1753",Acer negundo,0,1,1,0,0,0,1,1,0,0
79887,"Achillea erba-rotta All., 1773",Achillea erba-rotta,0,0,0,0,0,0,0,1,0,0
79908,"Achillea millefolium L., 1753",Achillea millefolium,1,1,0,1,1,0,1,1,1,1
79913,"Achillea nana L., 1753",Achillea nana,0,0,0,0,0,0,0,1,0,0
79921,"Achillea ptarmica L., 1753",Achillea ptarmica,0,1,0,0,0,0,0,1,0,0
80007,"Aconitum anthora L., 1753",Aconitum anthora,0,1,0,0,0,0,0,1,0,0
80034,"Aconitum lycoctonum L., 1753",Aconitum lycoctonum,0,0,0,0,0,0,0,1,0,0
80037,"Aconitum napellus L., 1753",Aconitum napellus,0,1,0,0,0,0,1,1,1,0
80066,"Aconitum variegatum L., 1753",Aconitum variegatum,0,1,0,0,0,0,0,1,0,0
80086,"Acorus calamus L., 1753",Acorus calamus,0,1,0,1,1,1,1,1,1,1
80137,"Actaea spicata L., 1753",Actaea spicata,0,0,0,0,0,0,0,1,1,0
447951,"Adiantum capillus-veneris L., 1753",Adiantum capillus-veneris,0,1,0,1,1,0,0,1,0,1
80212,"Adonis annua L., 1753 [nom. et typ. cons.]",Adonis annua,0,1,0,0,0,0,0,1,1,0
80240,"Adonis vernalis L., 1753",Adonis vernalis,0,1,0,0,0,0,1,1,1,0
80322,"Aegopodium podagraria L., 1753",Aegopodium podagraria,0,1,0,0,0,0,0,1,0,0
80358,"Aethusa cynapium L., 1753",Aethusa cynapium,0,0,0,0,0,0,0,1,1,0
80383,"Agave americana L., 1753",Agave americana,0,1,0,0,1,1,1,1,1,1
80410,"Agrimonia eupatoria L., 1753",Agrimonia eupatoria,0,0,0,0,1,0,1,1,1,0
80417,"Agrimonia procera Wallr., 1840",Agrimonia procera,0,1,0,0,0,0,0,1,0,0
80546,"Agrostemma githago L., 1753",Agrostemma githago,0,1,0,0,0,0,0,1,1,0
80824,"Ailanthus altissima (Mill.) Swingle, 1916",Ailanthus altissima,1,1,1,0,0,0,1,1,1,0
80978,"Ajuga chamaepitys (L.) Schreb., 1773",Ajuga chamaepitys,0,0,0,0,0,0,0,1,0,0
80980,"Ajuga genevensis L., 1753",Ajuga genevensis,0,0,0,0,0,0,0,1,0,0
80988,"Ajuga pyramidalis L., 1753",Ajuga pyramidalis,0,0,0,0,0,0,0,1,0,0
80990,"Ajuga reptans L., 1753",Ajuga reptans,0,1,0,0,0,0,0,1,0,0
81033,"Alchemilla alpina L., 1753",Alchemilla alpina,0,0,0,0,0,0,0,1,0,0
81027,"Alchemilla acutiloba Opiz, 1838",Alchemilla vulgaris,0,0,0,0,0,0,0,1,0,0
81287,"Alkanna matthioli Tausch, 1824",Alkanna tinctoria,0,0,0,0,0,0,1,1,0,0
113321,"Physalis alkekengi L., 1753",Alkekengi officinarum,0,1,0,0,1,0,0,1,1,0
81295,"Alliaria petiolata (M.Bieb.) Cavara & Grande, 1913",Alliaria petiolata,0,0,0,0,1,0,0,1,0,0
81499,"Allium roseum L., 1753",Allium roseum,0,1,0,0,0,0,0,1,0,0
81508,"Allium schoenoprasum L., 1753",Allium schoenoprasum,0,0,0,1,1,0,0,1,1,0
81541,"Allium ursinum L., 1753",Allium ursinum,0,0,0,0,0,0,0,1,1,0
81543,"Allium victorialis L., 1753",Allium victorialis,0,0,0,0,1,0,0,1,0,0
81563,"Alnus alnobetula (Ehrh.) K.Koch, 1872",Alnus alnobetula,0,0,0,0,0,0,1,1,0,0
81569,"Alnus glutinosa (L.) Gaertn., 1790",Alnus glutinosa,0,1,1,0,1,0,1,1,0,0
81570,"Alnus incana (L.) Moench, 1794",Alnus incana,0,1,0,0,0,0,1,1,0,0
81856,"Althaea officinalis L., 1753",Althaea officinalis,0,1,0,0,1,0,1,1,0,0
82018,"Amaranthus retroflexus L., 1753",Amaranthus retroflexus,0,0,0,0,0,0,0,1,1,0
82080,"Ambrosia artemisiifolia L., 1753",Ambrosia artemisiifolia,0,0,0,0,0,0,0,1,1,0
82130,"Ammi majus L., 1753",Ammi majus,0,1,0,0,0,0,0,1,1,0
129910,"Visnaga daucoides Gaertn., 1788",Visnaga daucoides,0,0,0,0,0,0,1,1,1,0
610909,"Lysimachia arvensis (L.) U.Manns & Anderb., 2009",Lysimachia arvensis,1,0,0,0,1,0,1,1,1,0
618756,"Anchusa azurea Mill., 1768",Anchusa azurea,0,1,0,0,1,1,1,1,0,0
82391,"Anchusa officinalis L., 1753",Anchusa officinalis,0,1,0,0,0,0,1,1,0,0
101253,"Hepatica nobilis Schreb., 1771",Hepatica nobilis,0,0,0,0,0,0,0,1,0,0
82637,"Anemone nemorosa L., 1753",Anemonoides nemorosa,0,1,0,0,0,0,0,1,1,0
116460,"Pulsatilla vulgaris Mill., 1768",Pulsatilla vulgaris,0,1,0,0,0,0,0,1,1,0
82656,"Anemone ranunculoides L., 1753",Anemonoides ranunculoides,0,1,0,0,0,0,0,1,0,0
116459,"Pulsatilla vernalis (L.) Mill., 1768",Pulsatilla vernalis,0,0,0,0,0,0,0,1,0,0
82738,"Angelica sylvestris L., 1753",Angelica sylvestris,0,1,0,0,0,0,0,1,0,0
82796,"Antennaria dioica (L.) Gaertn., 1791",Antennaria dioica,0,1,0,0,0,0,0,1,0,0
82922,"Anthoxanthum odoratum L., 1753",Anthoxanthum odoratum,0,0,0,0,0,0,1,1,1,0
82952,"Anthriscus sylvestris (L.) Hoffm., 1814",Anthriscus sylvestris,0,0,0,1,1,0,1,1,1,0
82999,"Anthyllis vulneraria L., 1753",Anthyllis vulneraria,1,0,0,0,1,0,0,1,0,0
83058,"Antirrhinum majus L., 1753",Antirrhinum majus,0,1,0,1,0,0,0,1,0,0
83195,"Apium graveolens L., 1753",Apium graveolens,1,0,0,1,1,0,1,1,1,0
83267,"Aquilegia vulgaris L., 1753",Aquilegia vulgaris,0,1,0,1,0,0,0,1,1,0
83481,"Arbutus unedo L., 1753",Arbutus unedo,0,1,0,0,1,1,1,1,0,0
83499,"Arctium lappa L., 1753",Arctium lappa,0,0,0,0,1,0,1,1,1,0
83502,"Arctium minus (Hill) Bernh., 1800",Arctium minus,0,0,0,0,0,0,0,1,1,0
83528,"Arctostaphylos uva-ursi (L.) Spreng., 1825",Arctostaphylos uva-ursi,0,1,0,0,0,1,1,1,0,0
83653,"Arenaria serpyllifolia L., 1753",Arenaria serpyllifolia,0,0,0,0,1,0,0,1,0,0
117874,"Roemeria argemone (L.) C.Morales, R.Mend. & Romero García, 1988",Roemeria argemone,1,1,1,0,1,0,1,1,1,1
83714,"Argentina anserina (L.) Rydb., 1899",Argentina anserina,0,0,0,0,0,0,0,1,0,0
83777,"Aristolochia clematitis L., 1753",Aristolochia clematitis,0,0,0,0,0,0,0,1,0,0
83793,"Aristolochia rotunda L., 1753",Aristolochia rotunda,0,0,0,0,0,0,0,1,0,0
83832,"Armeria maritima (Mill.) Willd., 1809",Armeria maritima,0,1,0,0,0,0,0,1,0,0
83866,"Armoracia rusticana G.Gaertn., B.Mey. & Scherb., 1800",Armoracia rusticana,0,0,0,1,1,0,1,1,1,0
83874,"Arnica montana L., 1753",Arnica montana,0,1,0,0,0,0,1,1,1,0
83912,"Arrhenatherum elatius (L.) P.Beauv. ex J.Presl & C.Presl, 1819",Arrhenatherum elatius,1,1,0,0,0,0,0,1,0,0
83933,"Artemisia absinthium L., 1753",Artemisia absinthium,0,0,0,0,1,0,1,1,1,0
83938,"Artemisia annua L., 1753",Artemisia annua,0,1,0,0,1,0,1,1,0,0
83973,"Artemisia genipi Weber, 1775",Artemisia genipi,0,0,0,0,1,0,0,1,0,0
83974,"Artemisia glacialis L., 1763",Artemisia glacialis,0,0,0,0,1,0,1,1,0,0
84003,"Artemisia maritima L., 1753",Artemisia maritima,0,1,0,0,0,0,1,1,1,0
84053,"Artemisia umbelliformis Lam., 1783",Artemisia umbelliformis,0,0,0,0,1,0,0,1,0,0
84061,"Artemisia vulgaris L., 1753",Artemisia vulgaris,0,0,0,0,1,0,1,1,1,1
84110,"Arum italicum Mill., 1768",Arum italicum,0,1,0,0,0,0,1,1,0,0
84112,"Arum maculatum L., 1753",Arum maculatum,0,1,0,0,0,0,1,1,1,0
84135,"Aruncus dioicus (Walter) Fernald, 1939",Aruncus dioicus,0,1,0,0,0,0,0,1,0,0
84173,"Arundo donax L., 1753",Arundo donax,1,1,1,0,1,0,1,1,0,1
84230,"Asarum europaeum L., 1753",Asarum europaeum,0,0,0,0,0,0,1,1,0,0
84251,"Asclepias syriaca L., 1753",Asclepias syriaca,0,0,0,0,1,1,1,1,1,0
84279,"Asparagus officinalis L., 1753",Asparagus officinalis,0,1,0,1,1,0,0,1,1,0
84330,"Asperula tinctoria L., 1753",Asperula tinctoria,0,1,0,0,0,0,0,1,0,0
84338,"Asphodelus albus Mill., 1768",Asphodelus albus,0,1,0,0,0,1,0,1,0,0
84458,"Asplenium adiantum-nigrum L., 1753",Asplenium adiantum-nigrum,0,1,0,0,0,0,0,1,0,0
84472,"Asplenium ceterach L., 1753",Asplenium ceterach,0,0,0,0,0,0,0,1,0,0
84524,"Asplenium scolopendrium L., 1753",Asplenium scolopendrium,0,0,0,0,0,0,0,1,0,0
84936,"Astrantia major L., 1753",Astrantia major,0,1,0,0,0,0,0,1,1,0
85152,"Atropa bella-donna L., 1753",Atropa bella-donna,0,0,0,0,0,0,1,1,1,1
85502,"Ballota nigra L., 1753",Ballota nigra,0,0,0,0,0,1,0,1,0,0
761965,"Barbarea vulgaris W.T.Aiton, 1812",Barbarea vulgaris,0,0,0,1,1,1,0,1,1,0
85740,"Bellis perennis L., 1753",Bellis perennis,0,1,0,0,0,0,0,1,0,0
85774,"Berberis vulgaris L., 1753",Berberis vulgaris,0,0,0,0,1,0,1,1,1,0
85820,"Beta vulgaris L., 1753",Beta vulgaris,1,1,1,1,1,0,1,1,1,0
85852,"Betonica officinalis L., 1753",Betonica officinalis,0,1,0,0,0,0,0,1,0,0
85903,"Betula pendula Roth, 1788",Betula pendula,0,1,0,0,1,0,1,1,0,0
85904,"Betula pubescens Ehrh., 1791",Betula pubescens,0,1,0,0,0,0,1,1,0,0
85972,"Bidens pilosa L., 1753",Bidens pilosa,1,1,0,1,1,1,1,1,0,1
86081,"Bistorta officinalis Delarbre, 1800",Bistorta officinalis,0,1,0,0,1,0,0,1,0,0
994837,"Blitum bonus-henricus (L.) Rchb., 1832",Blitum bonus-henricus,0,0,0,1,1,0,0,1,0,0
86156,"Borago officinalis L., 1753",Borago officinalis,0,1,0,1,1,1,1,1,1,0
86490,"Briza media L., 1753",Briza media,1,1,0,0,0,0,0,1,0,0
86828,"Bryonia dioica Jacq., 1774",Bryonia cretica,0,0,0,0,0,0,0,1,0,0
86890,"Buglossoides arvensis (L.) I.M.Johnst., 1954",Buglossoides arvensis,0,0,0,0,0,0,0,1,0,0
87044,"Bupleurum falcatum L., 1753",Bupleurum falcatum,0,1,0,0,0,0,0,1,0,0
87143,"Buxus sempervirens L., 1753",Buxus sempervirens,0,1,0,0,0,0,1,1,1,0
87420,"Calendula arvensis L., 1763",Calendula arvensis,0,0,0,0,0,0,0,1,0,0
87501,"Calluna vulgaris (L.) Hull, 1808",Calluna vulgaris,0,1,0,0,0,1,0,1,0,0
87540,"Caltha palustris L., 1753",Caltha palustris,0,1,0,0,1,0,0,1,1,0
92353,"Convolvulus sepium L., 1753",Calystegia sepium,0,0,0,0,0,0,0,1,0,0
87712,"Campanula rapunculus L., 1753",Campanula rapunculus,0,0,0,0,1,0,0,1,0,0
87720,"Campanula rotundifolia L., 1753",Campanula rotundifolia,0,1,0,0,0,0,0,1,0,0
87742,"Campanula trachelium L., 1753",Campanula trachelium,0,1,0,0,0,0,0,1,0,0
87849,"Capsella bursa-pastoris (L.) Medik., 1792",Capsella bursa-pastoris,1,0,0,1,1,0,1,1,1,0
87964,"Cardamine pratensis L., 1753",Cardamine pratensis,0,0,0,0,1,0,0,1,0,0
89147,"Carlina acaulis L., 1753",Carlina acaulis,0,0,0,0,0,0,1,1,0,0
89180,"Carlina vulgaris L., 1753",Carlina vulgaris,0,0,0,0,0,0,0,1,0,0
89200,"Carpinus betulus L., 1753",Carpinus betulus,0,1,0,0,0,0,1,1,0,0
89232,"Carthamus lanatus L., 1753",Carthamus lanatus,0,0,0,1,0,0,0,1,0,0
89250,"Carum carvi L., 1753",Carum carvi,1,0,0,1,1,0,1,1,0,0
89304,"Castanea sativa Mill., 1768",Castanea sativa,0,0,0,1,1,0,1,1,0,0
89452,"Cedrus atlantica (Endl.) Manetti ex Carrière, 1855",Cedrus atlantica,0,1,0,0,0,0,1,1,0,0
89468,"Celtis australis L., 1753",Celtis australis,0,1,0,0,0,0,1,1,0,0
89531,"Centaurea benedicta (L.) L., 1763",Centaurea benedicta,0,0,0,1,1,0,1,1,0,0
89542,"Centaurea calcitrapa L., 1753",Centaurea calcitrapa,0,0,0,0,0,0,0,1,0,0
93680,"Cyanus segetum Hill, 1762",Centaurea cyanus,0,1,0,0,0,1,0,1,0,0
89619,"Centaurea jacea L., 1753",Centaurea jacea,0,0,0,0,0,0,0,1,0,0
93673,"Cyanus montanus (L.) Hill, 1768",Centaurea montana,0,1,0,0,0,0,0,1,0,0
89653,"Centaurea nigra L., 1753",Centaurea nigra,0,0,0,0,0,0,0,1,0,0
89840,"Centaurium erythraea Rafn, 1800",Centaurium erythraea,0,1,0,0,1,0,0,1,0,0
89888,"Centranthus ruber (L.) DC., 1805",Valeriana rubra,0,1,0,0,0,0,0,1,0,0
447038,"Ceratonia siliqua L., 1753",Ceratonia siliqua,1,1,1,1,1,1,1,1,1,1
90234,"Cercis siliquastrum L., 1753",Cercis siliquastrum,0,1,0,0,1,0,1,1,0,0
90470,"Chamaemelum nobile (L.) All., 1785",Chamaemelum nobile,0,1,0,0,1,0,1,1,0,0
90669,"Chelidonium majus L., 1753",Chelidonium majus,0,1,0,0,0,0,0,1,1,0
90681,"Chenopodium album L., 1753",Chenopodium album,1,1,0,1,1,0,1,1,1,0
611753,"Dysphania ambrosioides (L.) Mosyakin & Clemants, 2002",Dysphania ambrosioides,1,0,0,1,1,0,1,1,1,1
90836,"Chenopodium vulvaria L., 1753",Chenopodium vulvaria,0,0,0,0,0,0,0,1,0,0
717139,"Chiliadenus glutinosus (L.) Fourr., 1869",Chiliadenus glutinosus,0,0,0,0,0,0,0,1,0,0
91169,"Cichorium intybus L., 1753",Cichorium intybus,1,0,0,1,1,0,0,1,1,1
91199,"Cicuta virosa L., 1753",Cicuta virosa,0,0,0,0,0,0,0,1,1,0
91289,"Cirsium arvense (L.) Scop., 1772",Cirsium arvense,0,0,0,0,0,0,0,1,1,0
91680,"Cistus ladanifer L., 1753",Cistus ladanifer,0,1,0,1,1,1,1,1,0,0
91880,"Clematis recta L., 1753",Clematis recta,0,0,0,0,0,0,0,1,0,0
91886,"Clematis vitalba L., 1753",Clematis vitalba,0,1,0,1,1,0,1,1,1,0
91910,"Clinopodium nepeta (L.) Kuntze, 1891",Clinopodium nepeta,0,1,0,0,1,0,0,1,0,0
91912,"Clinopodium vulgare L., 1753",Clinopodium vulgare,0,1,0,0,0,1,0,1,0,0
92052,"Cochlearia officinalis L., 1753",Cochlearia officinalis,0,0,0,0,0,1,0,1,0,0
92127,"Colchicum autumnale L., 1753",Colchicum autumnale,0,1,0,0,0,0,1,1,1,0
92196,"Colutea arborescens L., 1753",Colutea arborescens,1,1,0,1,1,0,1,1,0,0
92237,"Conium maculatum L., 1753",Conium maculatum,0,1,0,0,0,0,0,1,1,0
94572,"Delphinium consolida L., 1753",Delphinium consolida,0,1,0,0,0,0,0,1,1,0
92282,"Convallaria majalis L., 1753",Convallaria majalis,0,1,0,0,0,0,1,1,1,0
92302,"Convolvulus arvensis L., 1753",Convolvulus arvensis,0,0,0,0,0,0,0,1,1,0
92467,"Coriaria myrtifolia L., 1753",Coriaria myrtifolia,0,1,0,0,0,0,1,1,1,0
92488,"Cormus domestica (L.) Spach, 1834",Cormus domestica,0,1,0,0,1,0,1,1,0,0
92497,"Cornus mas L., 1753",Cornus mas,0,1,0,0,1,0,1,1,0,0
92501,"Cornus sanguinea L., 1753",Cornus sanguinea,0,1,0,0,0,0,1,1,1,0
92566,"Corrigiola litoralis L., 1753",Corrigiola litoralis,0,0,0,0,0,0,1,1,0,0
92606,"Corylus avellana L., 1753",Corylus avellana,0,1,1,1,1,0,1,1,0,0
92631,"Cotinus coggygria Scop., 1771",Cotinus coggygria,0,1,0,0,0,0,1,1,1,0
92824,"Crataegus azarolus L., 1753",Crataegus azarolus,0,0,0,0,1,0,1,1,0,0
92854,"Crataegus germanica (L.) Kuntze, 1891",Crataegus germanica,0,1,0,0,1,0,1,1,0,0
92864,"Crataegus laevigata (Poir.) DC., 1825",Crataegus laevigata,0,1,0,0,0,0,0,1,0,0
92876,"Crataegus monogyna Jacq., 1775",Crataegus monogyna,0,1,0,0,0,1,1,1,1,0
93157,"Crepis vesicaria L., 1753",Crepis vesicaria,0,0,0,0,0,0,0,1,0,0
93190,"Crithmum maritimum L., 1753",Crithmum maritimum,0,0,0,0,0,0,0,1,0,0
93308,"Cruciata laevipes Opiz, 1852",Cruciata laevipes,0,0,0,0,0,0,0,1,0,0
93590,"Cupressus sempervirens L., 1753",Cupressus sempervirens,0,1,1,0,0,0,1,1,1,0
93621,"Cuscuta epithymum (L.) L., 1774",Cuscuta epithymum,0,0,0,0,0,0,0,1,0,0
93623,"Cuscuta europaea L., 1753",Cuscuta europaea,0,0,0,0,0,0,0,1,1,0
93708,"Cyclamen purpurascens Mill., 1768",Cyclamen purpurascens,0,0,0,0,0,0,1,1,0,0
93803,"Cynodon dactylon (L.) Pers., 1805",Cynodon dactylon,1,1,0,0,1,0,1,1,1,1
93840,"Cynoglossum officinale L., 1753",Cynoglossum officinale,0,0,0,0,0,0,0,1,1,0
93967,"Cyperus longus L., 1753",Cyperus longus,1,1,0,1,1,0,1,1,1,0
94011,"Cyperus rotundus L., 1753",Cyperus rotundus,1,1,0,1,1,0,1,1,1,0
94164,"Cytisus scoparius (L.) Link, 1822",Cytisus scoparius,0,1,0,0,1,0,1,1,1,0
94207,"Dactylis glomerata L., 1753",Dactylis glomerata,1,1,0,0,0,0,0,1,1,0
94266,"Dactylorhiza maculata (L.) Soó, 1962",Dactylorhiza maculata,0,0,0,0,0,0,0,1,0,0
94427,"Daphne gnidium L., 1753",Daphne gnidium,0,0,0,0,0,0,1,1,1,0
94432,"Daphne laureola L., 1753",Daphne laureola,0,1,0,0,0,0,1,1,1,0
94435,"Daphne mezereum L., 1753",Daphne mezereum,0,1,0,0,0,0,0,1,1,0
94489,"Datura stramonium L., 1753",Datura stramonium,0,1,1,0,1,0,1,1,1,1
94503,"Daucus carota L., 1753",Daucus carota,1,0,0,1,1,0,1,1,1,0
94626,"Deschampsia cespitosa (L.) P.Beauv., 1812",Deschampsia cespitosa,1,1,0,0,0,0,1,1,0,0
94645,"Descurainia sophia (L.) Webb ex Prantl, 1891",Descurainia sophia,0,0,0,1,1,0,0,1,0,0
94716,"Dianthus carthusianorum L., 1753",Dianthus carthusianorum,0,1,0,0,0,0,0,0,0,0
94923,"Dictamnus albus L., 1753",Dictamnus albus,0,1,0,0,0,0,0,1,1,0
94945,"Digitalis lutea L., 1753",Digitalis lutea,0,0,0,0,0,0,0,1,0,0
94959,"Digitalis purpurea L., 1753",Digitalis purpurea,0,1,0,0,0,0,1,1,1,0
611652,"Dioscorea communis (L.) Caddick & Wilkin, 2002",Dioscorea communis,0,0,0,0,1,0,0,1,1,0
95136,"Diplotaxis tenuifolia (L.) DC., 1821",Diplotaxis tenuifolia,0,0,0,1,0,0,0,1,0,0
95149,"Dipsacus fullonum L., 1753",Dipsacus fullonum,0,1,0,0,1,1,1,1,0,0
95186,"Dittrichia graveolens (L.) Greuter, 1973",Dittrichia graveolens,0,0,0,0,0,0,0,1,1,0
95187,"Dittrichia viscosa (L.) Greuter, 1973",Dittrichia viscosa,0,0,0,0,0,0,1,1,0,0
95239,"Doronicum pardalianches L., 1753",Doronicum pardalianches,0,1,0,0,0,0,0,1,1,0
95425,"Dracunculus vulgaris Schott, 1832",Dracunculus vulgaris,0,1,0,0,0,0,0,1,1,0
161772,"Charybdis maritima (L.) Speta, 1998",Drimia maritima,1,1,0,0,1,0,1,1,1,1
95436,"Drosera anglica Huds., 1778",Drosera anglica,0,1,0,0,0,0,0,1,0,0
95438,"Drosera intermedia Hayne, 1798",Drosera intermedia,0,0,0,0,0,0,0,1,0,0
95442,"Drosera rotundifolia L., 1753",Drosera rotundifolia,0,1,0,0,0,0,0,1,0,0
95461,"Dryas octopetala L., 1753",Dryas octopetala,0,1,0,0,0,0,0,1,0,0
95567,"Dryopteris filix-mas (L.) Schott, 1834",Dryopteris filix-mas,0,1,0,0,0,0,0,1,1,0
611755,"Dysphania botrys (L.) Mosyakin & Clemants, 2002",Dysphania botrys,0,1,0,0,0,0,0,1,0,0
95662,"Ecballium elaterium (L.) A.Rich., 1824",Ecballium elaterium,0,1,0,0,0,0,0,1,0,0
95793,"Echium vulgare L., 1753",Echium vulgare,0,1,0,0,0,1,0,1,1,0
95806,"Eclipta prostrata (L.) L., 1771",Eclipta prostrata,1,1,0,1,1,0,1,1,0,0
102863,"Hippophae rhamnoides L., 1753",Hippophae rhamnoides,0,1,0,0,1,0,1,1,0,0
96046,"Elytrigia repens (L.) Desv. ex Nevski, 1934",Elymus repens,1,0,0,1,1,0,1,1,0,0
96101,"Ephedra distachya L., 1753",Ephedra distachya,0,0,0,0,0,0,1,1,0,0
90483,"Chamaenerion angustifolium (L.) Scop., 1771",Epilobium angustifolium,0,1,0,0,0,1,0,1,0,0
96180,"Epilobium hirsutum L., 1753",Epilobium hirsutum,0,0,0,1,1,0,1,1,0,1
96226,"Epilobium palustre L., 1753",Epilobium palustre,0,0,0,0,0,0,0,1,0,0
96229,"Epilobium parviflorum Schreb., 1771",Epilobium parviflorum,0,0,0,0,0,0,0,1,0,0
96251,"Epilobium roseum Schreb., 1771",Epilobium roseum,0,0,0,0,0,0,0,1,0,0
96271,"Epilobium tetragonum L., 1753",Epilobium tetragonum,0,0,0,0,0,0,0,1,0,0
96508,"Equisetum arvense L., 1753",Equisetum arvense,0,0,0,0,1,0,1,1,1,0
96523,"Equisetum hyemale L., 1753",Equisetum hyemale,0,1,0,0,0,0,1,1,0,0
96534,"Equisetum palustre L., 1753",Equisetum palustre,0,0,0,0,0,0,0,1,1,0
96545,"Equisetum sylvaticum L., 1753",Equisetum sylvaticum,0,0,0,0,0,0,1,1,0,0
96546,"Equisetum telmateia Ehrh., 1783",Equisetum telmateia,0,0,0,0,0,0,0,1,0,0
96664,"Erica carnea L., 1753 [nom. cons.]",Erica carnea,0,0,0,0,0,0,0,1,0,0
96665,"Erica ciliaris L., 1753",Erica ciliaris,0,1,0,0,0,0,0,0,0,0
96667,"Erica cinerea L., 1753",Erica cinerea,0,1,0,0,0,1,0,1,0,0
96691,"Erica scoparia L., 1753",Erica scoparia,0,1,0,0,0,0,1,0,0,0
611688,"Erigeron acris L., 1753",Erigeron acris,0,0,0,0,0,0,0,1,0,0
96749,"Erigeron canadensis L., 1753",Erigeron canadensis,0,0,1,0,1,0,1,1,1,0
96895,"Erodium cicutarium (L.) L'Hér., 1789",Erodium cicutarium,1,0,0,0,1,0,1,1,1,0
97141,"Eryngium campestre L., 1753",Eryngium campestre,0,0,0,0,0,0,0,1,0,0
97185,"Erysimum cheiri (L.) Crantz, 1769",Erysimum cheiri,0,0,0,0,0,0,0,1,0,0
609982,"Euonymus europaeus L., 1753",Euonymus europaeus,0,1,0,0,0,0,1,1,1,0
97434,"Eupatorium cannabinum L., 1753",Eupatorium cannabinum,0,1,0,0,0,0,1,1,0,0
97452,"Euphorbia amygdaloides L., 1753",Euphorbia amygdaloides,0,1,0,0,0,0,0,1,0,0
97490,"Euphorbia cyparissias L., 1753",Euphorbia cyparissias,0,1,0,0,0,0,0,1,1,0
97537,"Euphorbia helioscopia L., 1753",Euphorbia helioscopia,0,0,0,0,0,0,0,1,1,0
97556,"Euphorbia lathyris L., 1753",Euphorbia lathyris,0,0,1,0,1,0,1,1,1,0
97601,"Euphorbia palustris L., 1753",Euphorbia palustris,0,0,0,0,0,0,1,1,0,0
97781,"Euphrasia officinalis L., 1753",Euphrasia officinalis,0,0,0,0,0,0,0,1,0,0
97947,"Fagus sylvatica L., 1753",Fagus sylvatica,0,0,1,0,0,0,1,1,1,1
117503,"Reynoutria japonica Houtt., 1777",Reynoutria japonica,1,1,0,0,1,0,0,1,1,0
98020,"Ferula communis L., 1753",Ferula communis,0,1,1,1,1,0,1,1,1,0
98023,"Ferula glauca L., 1753",Ferula glauca,0,0,0,0,0,0,0,1,0,0
98651,"Ficaria verna Huds., 1762",Ranunculus ficaria,0,1,0,0,0,0,0,1,1,0
98653,"Ficus carica L., 1753",Ficus carica,1,1,0,1,1,0,1,1,1,1
98717,"Filipendula ulmaria (L.) Maxim., 1879",Filipendula ulmaria,0,1,0,0,1,0,1,1,0,0
98718,"Filipendula vulgaris Moench, 1794",Filipendula vulgaris,0,1,0,0,0,0,0,1,0,0
98756,"Foeniculum vulgare Mill., 1768",Foeniculum vulgare,1,1,0,1,1,0,1,1,0,0
98865,"Fragaria vesca L., 1753",Fragaria vesca,0,1,0,1,1,0,1,1,0,0
98887,"Frangula alnus Mill., 1768",Frangula alnus,0,1,1,0,0,0,1,1,1,0
98910,"Fraxinus angustifolia Vahl, 1804 [nom. cons.]",Fraxinus angustifolia,0,1,0,0,0,0,1,1,0,0
98921,"Fraxinus excelsior L., 1753",Fraxinus excelsior,0,1,0,0,0,0,1,1,1,0
98933,"Fraxinus ornus L., 1753",Fraxinus ornus,0,1,0,0,0,0,1,1,0,0
98977,"Fritillaria meleagris L., 1753",Fritillaria meleagris,0,1,0,0,0,0,0,0,1,0
99108,"Fumaria officinalis L., 1753",Fumaria officinalis,0,0,0,0,0,0,0,1,0,0
99233,"Galanthus nivalis L., 1753",Galanthus nivalis,0,1,0,0,0,0,0,1,1,0
610594,"Galatella sedifolia (L.) Greuter, 2003",Galatella sedifolia,0,0,0,0,0,0,0,1,0,0
99260,"Galega officinalis L., 1753",Galega officinalis,1,1,0,0,0,1,0,1,1,0
99305,"Galeopsis ladanum L., 1753",Galeopsis ladanum,0,0,0,0,0,0,0,1,1,0
99329,"Galeopsis segetum Neck., 1770",Galeopsis segetum,0,0,0,0,0,0,0,1,0,0
99334,"Galeopsis tetrahit L., 1753",Galeopsis tetrahit,0,0,0,0,0,0,0,1,0,0
99358,"Galinsoga parviflora Cav., 1795",Galinsoga parviflora,1,1,0,1,1,0,0,1,1,0
99366,"Galium album Mill., 1768",Galium album,0,0,0,0,0,0,0,1,0,0
99373,"Galium aparine L., 1753",Galium aparine,0,0,0,0,0,0,1,1,0,0
99473,"Galium mollugo L., 1753",Galium mollugo,0,1,0,0,0,0,0,1,0,0
99488,"Galium odoratum (L.) Scop., 1771",Galium odoratum,0,1,0,0,1,0,0,1,0,0
99494,"Galium palustre L., 1753",Galium palustre,0,0,0,0,0,0,0,1,0,0
99582,"Galium verum L., 1753",Galium verum,0,0,0,0,0,0,1,1,0,0
99815,"Genista scorpius (L.) DC., 1805",Genista scorpius,0,0,0,0,0,0,0,1,0,0
99828,"Genista tinctoria L., 1753",Genista tinctoria,0,1,0,0,0,0,1,1,0,0
99854,"Gentiana acaulis L., 1753",Gentiana acaulis,0,1,0,0,0,0,0,1,0,0
99881,"Gentiana cruciata L., 1753",Gentiana cruciata,0,0,0,0,0,0,0,1,0,0
99903,"Gentiana lutea L., 1753",Gentiana lutea,0,1,0,0,1,0,0,1,0,0
99922,"Gentiana pneumonanthe L., 1753",Gentiana pneumonanthe,0,0,0,0,0,0,0,1,0,0
99929,"Gentiana purpurea L., 1753",Gentiana purpurea,0,0,0,0,0,0,0,1,0,0
100142,"Geranium robertianum L., 1753",Geranium robertianum,0,1,0,0,0,0,0,1,0,0
100144,"Geranium rotundifolium L., 1753",Geranium rotundifolium,0,0,0,0,0,0,0,1,0,0
100149,"Geranium sanguineum L., 1753",Geranium sanguineum,0,1,0,0,0,0,0,1,0,0
100215,"Geum rivale L., 1753",Geum rivale,0,0,0,0,0,0,0,1,0,0
100225,"Geum urbanum L., 1753",Geum urbanum,0,0,0,0,1,0,0,1,0,0
100310,"Glechoma hederacea L., 1753",Glechoma hederacea,0,0,0,0,0,0,0,1,1,0
100335,"Globularia alypum L., 1753",Globularia alypum,1,0,0,0,0,0,1,1,0,0
100576,"Gratiola officinalis L., 1753",Gratiola officinalis,0,1,0,0,0,0,0,1,0,0
100613,"Gymnadenia nigra (L.) Rchb.f., 1856",Gymnadenia nigra,0,0,0,0,0,0,0,1,0,0
100787,"Hedera helix L., 1753",Hedera helix,0,1,0,0,0,0,1,1,1,0
100956,"Helianthemum nummularium (L.) Mill., 1768",Helianthemum nummularium,0,1,0,0,0,0,0,1,0,0
101080,"Helichrysum italicum (Roth) G.Don, 1830",Helichrysum italicum,0,0,0,0,1,0,1,1,0,0
101101,"Helichrysum stoechas (L.) Moench, 1794",Helichrysum stoechas,0,0,0,0,0,0,0,1,0,0
101144,"Heliotropium europaeum L., 1753",Heliotropium europaeum,0,0,0,0,0,0,0,1,1,0
101188,"Helleborus foetidus L., 1753",Helleborus foetidus,0,1,0,0,0,0,0,1,1,0
101202,"Helleborus viridis L., 1753",Helleborus viridis,0,1,0,0,0,0,0,1,1,0
101300,"Heracleum sphondylium L., 1753",Heracleum sphondylium,0,0,0,0,0,0,1,1,1,0
101411,"Herniaria glabra L., 1753",Herniaria glabra,0,0,0,0,0,0,0,1,0,0
101412,"Herniaria hirsuta L., 1753",Herniaria hirsuta,0,0,0,0,0,0,0,1,0,0
101460,"Hesperis matronalis L., 1753",Hesperis matronalis,0,1,0,0,1,0,0,1,0,0
102235,"Hieracium murorum L., 1753",Hieracium murorum,0,0,0,0,0,0,0,1,0,0
102671,"Hieracium umbellatum L., 1753",Hieracium umbellatum,0,0,0,0,0,0,0,1,0,0
103031,"Humulus lupulus L., 1753",Humulus lupulus,0,1,0,1,1,0,1,1,0,0
103057,"Hyacinthoides non-scripta (L.) Chouard ex Rothm., 1944",Hyacinthoides non-scripta,0,0,0,0,0,0,0,1,1,0
103178,"Hyoscyamus albus L., 1753",Hyoscyamus albus,0,0,0,0,0,0,0,1,1,0
103185,"Hyoscyamus niger L., 1753",Hyoscyamus niger,0,0,0,0,0,0,0,1,1,1
103245,"Hypericum androsaemum L., 1753",Hypericum androsaemum,0,1,0,0,0,0,0,1,0,0
103316,"Hypericum perforatum L., 1753",Hypericum perforatum,0,0,0,0,0,0,1,1,1,0
103320,"Hypericum pulchrum L., 1753",Hypericum pulchrum,0,0,0,0,0,0,0,1,0,0
103329,"Hypericum tetrapterum Fr., 1823",Hypericum tetrapterum,0,0,0,0,0,0,0,1,0,0
103375,"Hypochaeris radicata L., 1753",Hypochaeris radicata,0,0,0,0,0,0,0,1,0,0
103406,"Hyssopus officinalis L., 1753",Hyssopus officinalis,0,0,0,0,1,0,1,1,1,0
103514,"Ilex aquifolium L., 1753",Ilex aquifolium,0,1,0,0,0,0,1,1,1,1
445494,"Impatiens balsamina L., 1753",Impatiens balsamina,0,1,0,1,1,0,1,1,1,0
103553,"Impatiens noli-tangere L., 1753 [nom. et typ. cons.]",Impatiens noli-tangere,0,0,0,0,0,0,0,1,0,0
103627,"Inula helenium L., 1753",Inula helenium,0,0,0,0,1,0,1,1,1,0
103737,"Iris germanica L., 1753",Iris germanica,0,0,0,0,0,0,0,1,0,0
103772,"Iris pseudacorus L., 1753",Iris pseudacorus,0,1,0,0,1,0,1,1,1,0
103817,"Isatis tinctoria L., 1753",Isatis tinctoria,0,0,0,1,0,1,1,1,0,0
610643,"Jacobaea maritima (L.) Pelser & Meijden, 2005",Jacobaea maritima,0,1,0,0,0,0,0,1,1,0
610646,"Jacobaea vulgaris Gaertn., 1791",Jacobaea vulgaris,0,0,0,0,0,0,0,1,1,0
104173,"Juncus effusus L., 1753",Juncus effusus,1,1,1,1,1,0,1,1,1,0
104397,"Juniperus communis L., 1753",Juniperus communis,0,1,0,0,1,0,1,1,0,0
104409,"Juniperus oxycedrus L., 1753",Juniperus oxycedrus,1,1,1,0,0,0,1,1,0,0
104413,"Juniperus sabina L., 1753",Juniperus sabina,0,1,0,0,0,0,1,1,1,0
104419,"Juniperus thurifera L., 1753",Juniperus thurifera,0,0,0,0,0,0,1,1,0,0
104502,"Kickxia elatine (L.) Dumort., 1827",Kickxia elatine,0,0,0,0,0,0,0,1,0,0
104516,"Knautia arvensis (L.) Coult., 1828",Knautia arvensis,0,1,0,0,0,0,0,1,0,0
104775,"Lactuca serriola L., 1756",Lactuca serriola,0,1,0,1,1,0,0,1,1,0
104786,"Lactuca viminea (L.) J.Presl & C.Presl, 1819",Lactuca viminea,0,0,0,1,0,0,1,0,0,0
104787,"Lactuca virosa L., 1753",Lactuca virosa,0,0,0,0,0,0,0,1,0,0
104854,"Lamium album L., 1753",Lamium album,0,1,0,0,0,1,0,1,0,0
104855,"Lamium amplexicaule L., 1753",Lamium amplexicaule,0,0,0,0,0,0,0,1,1,0
104876,"Lamium galeobdolon (L.) L., 1759",Lamium galeobdolon,0,1,0,0,0,0,0,1,0,0
104889,"Lamium maculatum (L.) L., 1763",Lamium maculatum,0,1,0,0,0,0,0,1,0,0
104903,"Lamium purpureum L., 1753",Lamium purpureum,0,0,0,0,0,0,0,1,0,0
105017,"Lapsana communis L., 1753",Lapsana communis,0,0,0,0,0,0,0,1,0,0
105042,"Larix decidua Mill., 1768",Larix decidua,0,1,0,0,0,0,1,1,0,0
105211,"Lathyrus latifolius L., 1753",Lathyrus latifolius,0,1,0,1,0,0,0,0,1,0
105266,"Lathyrus sylvestris L., 1753",Lathyrus sylvestris,0,1,0,1,0,0,0,0,1,0
105295,"Laurus nobilis L., 1753",Laurus nobilis,0,1,0,0,1,0,1,1,0,0
105297,"Lavandula angustifolia Mill., 1768",Lavandula angustifolia,0,1,0,0,0,1,1,1,0,0
105312,"Lavandula latifolia Medik., 1784",Lavandula latifolia,0,1,0,0,0,1,1,1,0,0
105321,"Lavandula stoechas L., 1753",Lavandula stoechas,0,1,0,0,1,1,0,1,0,0
105427,"Lemna gibba L., 1753",Lemna gibba,1,0,0,0,1,0,0,0,0,0
105431,"Lemna minor L., 1753",Lemna minor,1,0,0,0,0,0,0,1,0,0
611031,"Leontopodium nivale (Ten.) A.L.P.Huet ex Hand.-Mazz., 1927",Leontopodium nivale,0,1,0,0,0,0,0,1,0,0
105621,"Lepidium draba L., 1753",Lepidium draba,1,0,0,0,1,0,0,1,1,0
105817,"Leucanthemum vulgare Lam., 1779",Leucanthemum vulgare,0,1,0,0,0,0,1,1,0,0
105966,"Ligustrum vulgare L., 1753",Ligustrum vulgare,0,1,0,0,0,0,1,1,1,0
105979,"Lilium bulbiferum L., 1753",Lilium bulbiferum,0,1,0,0,0,0,0,0,0,0
105989,"Lilium martagon L., 1753",Lilium martagon,0,1,0,0,0,0,0,1,0,0
106234,"Linaria vulgaris Mill., 1768",Linaria vulgaris,0,0,0,0,0,0,0,1,0,0
106288,"Linum catharticum L., 1753",Linum catharticum,0,0,0,0,0,0,0,1,1,0
106396,"Lithospermum officinale L., 1753",Lithospermum officinale,0,0,0,0,0,0,0,1,0,0
106565,"Lonicera etrusca Santi, 1795",Lonicera etrusca,0,0,0,0,0,0,0,1,0,0
106581,"Lonicera periclymenum L., 1753",Lonicera periclymenum,0,1,0,0,0,0,1,1,1,0
106595,"Lonicera xylosteum L., 1753",Lonicera xylosteum,0,0,0,0,0,0,0,1,0,0
106653,"Lotus corniculatus L., 1753",Lotus corniculatus,1,1,0,1,1,1,0,1,1,0
106965,"Lycium barbarum L., 1753",Lycium barbarum,0,0,0,0,1,0,0,1,1,0
107038,"Lycopus europaeus L., 1753",Lycopus europaeus,0,0,0,0,0,0,0,1,0,0
107073,"Lysimachia nummularia L., 1753",Lysimachia nummularia,0,1,0,0,0,0,0,1,0,0
107090,"Lysimachia vulgaris L., 1753",Lysimachia vulgaris,0,0,0,0,0,0,1,1,0,0
107117,"Lythrum salicaria L., 1753",Lythrum salicaria,0,1,0,0,0,0,0,1,0,0
107217,"Malus sylvestris (L.) Mill., 1768",Malus sylvestris,1,1,0,1,1,0,1,1,0,0
107224,"Malva alcea L., 1753",Malva alcea,0,1,0,0,0,0,0,1,0,0
107282,"Malva moschata L., 1753",Malva moschata,0,1,0,0,0,0,0,1,0,0
107318,"Malva sylvestris L., 1753",Malva sylvestris,0,1,0,0,1,0,1,1,1,0
107397,"Marrubium vulgare L., 1753",Marrubium vulgare,0,1,0,0,1,1,0,1,0,0
107440,"Matricaria chamomilla L., 1753",Matricaria chamomilla,1,0,0,0,1,0,1,1,0,1
107446,"Matricaria discoidea DC., 1838",Matricaria discoidea,0,0,0,0,0,0,0,1,1,0
107786,"Melampyrum arvense L., 1753",Melampyrum arvense,0,0,0,0,0,0,0,1,0,0
107886,"Melilotus albus Medik., 1787",Melilotus albus,1,1,0,0,0,1,1,1,1,0
107887,"Melilotus altissimus Thuill., 1799",Melilotus altissimus,1,0,0,0,1,0,0,1,1,0
107942,"Melilotus officinalis (L.) Lam., 1779",Melilotus officinalis,0,0,0,0,0,0,0,1,0,0
107992,"Melissa officinalis L., 1753",Melissa officinalis,0,1,0,0,1,1,1,1,0,0
108003,"Melittis melissophyllum L., 1753",Melittis melissophyllum,0,0,0,0,0,0,0,1,0,0
108027,"Mentha aquatica L., 1753",Mentha aquatica,0,1,0,1,1,0,1,1,0,0
108029,"Mentha arvensis L., 1753",Mentha arvensis,0,0,0,1,1,0,1,1,0,0
108103,"Mentha longifolia (L.) Huds., 1762",Mentha longifolia,0,1,0,1,1,1,1,1,1,0
108138,"Mentha pulegium L., 1753",Mentha pulegium,0,1,0,0,1,1,1,1,0,0
108168,"Mentha suaveolens Ehrh., 1792",Mentha suaveolens,0,1,0,1,1,0,0,1,0,0
108345,"Menyanthes trifoliata L., 1753",Menyanthes trifoliata,0,1,0,0,0,0,0,1,0,0
108351,"Mercurialis annua L., 1753",Mercurialis annua,0,0,0,0,0,0,0,1,1,0
108361,"Mercurialis perennis L., 1753",Mercurialis perennis,0,0,0,0,0,0,0,1,1,0
108454,"Meum athamanticum Jacq., 1776",Meum athamanticum,0,0,0,0,0,0,1,1,0,0
108996,"Myosotis arvensis (L.) Hill, 1764",Myosotis arvensis,0,0,0,0,0,0,0,1,0,0
109104,"Myosotis sylvatica Hoffm., 1791",Myosotis sylvatica,0,1,0,0,0,0,0,1,0,0
109130,"Myrica gale L., 1753",Myrica gale,0,1,0,0,1,0,1,1,0,0
109161,"Myrrhis odorata (L.) Scop., 1771",Myrrhis odorata,0,1,0,0,1,0,0,1,0,0
109186,"Myrtus communis L., 1753",Myrtus communis,0,1,1,1,1,1,1,1,0,0
109291,"Narcissus poeticus L., 1753",Narcissus poeticus,0,1,0,0,0,0,1,1,1,0
109297,"Narcissus pseudonarcissus L., 1753",Narcissus pseudonarcissus,0,1,0,0,0,0,0,1,1,0
109422,"Nasturtium officinale W.T.Aiton, 1812",Nasturtium officinale,0,1,0,1,1,0,0,1,0,0
109620,"Nigella arvensis L., 1753",Nigella arvensis,0,0,0,0,0,0,0,1,0,0
109625,"Nigella damascena L., 1753",Nigella damascena,0,1,0,0,0,0,0,1,0,0
109732,"Nuphar lutea (L.) Sm., 1809",Nuphar lutea,0,0,0,0,1,0,1,1,0,0
109735,"Nuphar pumila (Timm) DC., 1821",Nuphar pumila,0,0,0,0,0,0,0,1,0,0
109750,"Nymphaea alba L., 1753",Nymphaea alba,0,1,0,0,0,0,0,1,0,0
109861,"Oenanthe aquatica (L.) Poir., 1798",Oenanthe aquatica,0,0,0,0,0,0,1,1,1,0
109911,"Oenothera biennis L., 1753",Oenothera biennis,0,1,0,0,0,0,0,1,0,0
110236,"Ononis spinosa L., 1753 [nom. et typ. cons.]",Ononis spinosa,0,0,0,0,0,0,0,1,0,0
110244,"Onopordum acanthium L., 1753",Onopordum acanthium,0,1,0,0,0,1,1,1,0,0
110914,"Orchis mascula (L.) L., 1755",Orchis mascula,0,0,0,0,0,0,0,1,0,0
111289,"Origanum vulgare L., 1753",Origanum vulgare,0,0,0,0,1,1,1,1,0,0
111391,"Ornithogalum umbellatum L., 1753",Ornithogalum umbellatum,0,1,0,0,0,0,0,1,1,0
111771,"Orthilia secunda (L.) House, 1921",Orthilia secunda,0,0,0,0,0,0,0,1,0,0
111815,"Osmunda regalis L., 1753",Osmunda regalis,0,1,0,1,1,0,1,1,1,0
111859,"Oxalis acetosella L., 1753",Oxalis acetosella,0,0,0,0,1,0,0,1,1,0
717359,"Oxybasis glauca (L.) S.Fuentes, Uotila & Borsch, 2012",Oxybasis glauca,0,0,0,0,0,0,0,0,1,0
111974,"Oxytropis campestris (L.) DC., 1802",Oxytropis campestris,0,0,0,0,0,0,0,1,0,0
112042,"Paeonia officinalis L., 1753",Paeonia officinalis,0,1,0,0,0,0,0,1,0,0
112061,"Paliurus spina-christi Mill., 1768",Paliurus spina-christi,0,1,1,0,1,1,1,1,0,1
112303,"Papaver dubium L., 1753",Papaver dubium,0,0,0,0,0,0,0,1,0,0
112355,"Papaver rhoeas L., 1753",Papaver rhoeas,0,1,0,0,1,0,0,1,1,0
112410,"Parietaria judaica L., 1756",Parietaria judaica,0,0,0,0,0,0,0,1,0,0
112413,"Parietaria officinalis L., 1753",Parietaria officinalis,0,0,0,0,0,0,0,1,0,0
112421,"Paris quadrifolia L., 1753",Paris quadrifolia,0,1,0,0,0,0,0,1,1,0
112426,"Parnassia palustris L., 1753",Parnassia palustris,0,0,0,0,0,0,0,1,0,0
112467,"Parthenocissus tricuspidata (Siebold & Zucc.) Planch., 1887",Parthenocissus tricuspidata,0,1,0,0,0,0,1,1,1,0
112550,"Pastinaca sativa L., 1753",Pastinaca sativa,0,0,0,1,1,0,1,1,1,0
112590,"Pedicularis palustris L., 1753",Pedicularis palustris,0,0,0,0,0,0,0,1,0,0
112601,"Pedicularis sylvatica L., 1753",Pedicularis sylvatica,0,0,0,0,0,0,0,1,0,0
112739,"Persicaria hydropiper (L.) Spach, 1841",Persicaria hydropiper,0,0,0,0,1,0,0,1,1,0
112745,"Persicaria maculosa Gray, 1821 [nom. cons.]",Persicaria maculosa,0,0,0,0,0,0,0,1,1,0
112783,"Petasites hybridus (L.) G.Gaertn., B.Mey. & Scherb., 1801",Petasites hybridus,0,1,0,0,0,0,0,1,1,0
103578,"Imperatoria ostruthium L., 1753",Peucedanum ostruthium,0,0,0,0,1,0,1,1,0,0
113221,"Phleum pratense L., 1753",Phleum pratense,1,1,0,0,0,0,0,1,1,0
113260,"Phragmites australis (Cav.) Trin. ex Steud., 1840",Phragmites australis,1,1,1,1,1,0,1,1,1,0
113418,"Phytolacca americana L., 1753",Phytolacca americana,0,1,0,1,1,0,1,1,1,0
113432,"Picea abies (L.) H.Karst., 1881",Picea abies,0,1,1,0,0,0,1,1,0,1
113525,"Pilosella officinarum F.W.Schultz & Sch.Bip., 1862",Pilosella officinarum,0,0,0,0,0,0,0,1,0,0
113579,"Pimpinella major (L.) Huds., 1762",Pimpinella major,0,1,0,0,0,0,0,1,0,0
113596,"Pimpinella saxifraga L., 1753",Pimpinella saxifraga,0,1,0,0,0,0,1,1,0,0
113651,"Pinus cembra L., 1753",Pinus cembra,0,0,0,0,1,0,1,1,0,0
113665,"Pinus halepensis Mill., 1768",Pinus halepensis,0,1,1,0,1,0,1,1,0,0
113682,"Pinus mugo Turra, 1764",Pinus mugo,0,1,0,0,1,0,1,1,0,0
113689,"Pinus pinaster Aiton, 1789",Pinus pinaster,0,1,0,0,0,0,1,1,0,0
113690,"Pinus pinea L., 1753",Pinus pinea,0,1,0,1,1,0,1,1,0,0
113703,"Pinus sylvestris L., 1753",Pinus sylvestris,0,1,1,0,1,0,1,1,0,1
113744,"Pistacia lentiscus L., 1753",Pistacia lentiscus,1,1,0,1,1,0,1,1,0,1
113804,"Plantago afra L., 1762",Plantago afra,0,0,0,0,1,0,1,1,0,0
113842,"Plantago coronopus L., 1753",Plantago coronopus,0,0,0,0,0,0,0,1,0,0
113809,"Plantago arenaria Waldst. & Kit., 1802",Plantago indica,0,0,0,0,1,0,0,1,0,0
113893,"Plantago lanceolata L., 1753",Plantago lanceolata,1,0,0,1,1,0,1,1,0,0
113904,"Plantago major L., 1753",Plantago major,1,1,0,1,1,0,1,1,0,0
113924,"Plantago ovata Forssk., 1775",Plantago ovata,1,0,0,0,1,0,1,1,1,0
114080,"Plumbago europaea L., 1753",Plumbago europaea,0,1,0,0,0,0,1,1,1,0
114595,"Polygala vulgaris L., 1753 [nom. et typ. cons.]",Polygala vulgaris,0,0,0,0,0,0,0,1,0,0
114611,"Polygonatum multiflorum (L.) All., 1785",Polygonatum multiflorum,0,1,0,0,0,0,1,1,1,0
114612,"Polygonatum odoratum (Mill.) Druce, 1906",Polygonatum odoratum,0,1,0,0,0,0,0,1,0,0
114658,"Polygonum aviculare L., 1753",Polygonum aviculare,1,0,0,0,1,0,1,1,1,0
115016,"Polypodium vulgare L., 1753",Polypodium vulgare,0,1,0,1,1,0,0,1,0,0
115110,"Populus alba L., 1753",Populus alba,0,1,1,1,1,0,1,1,0,0
115145,"Populus nigra L., 1753",Populus nigra,0,1,0,0,0,0,1,1,0,0
115156,"Populus tremula L., 1753",Populus tremula,0,1,1,0,0,0,1,1,0,0
115215,"Portulaca oleracea L., 1753",Portulaca oleracea,1,1,0,1,1,0,1,1,1,1
115280,"Potamogeton natans L., 1753",Potamogeton natans,0,1,0,0,0,0,0,1,0,0
115407,"Potentilla argentea L., 1753",Potentilla argentea,0,0,0,0,0,0,0,1,0,0
115470,"Potentilla erecta (L.) Raeusch., 1797",Potentilla erecta,0,1,0,0,0,0,0,1,0,0
115624,"Potentilla reptans L., 1753",Potentilla reptans,0,0,0,0,0,0,0,1,0,0
115865,"Primula elatior (L.) Hill, 1765",Primula elatior,0,1,0,0,0,0,0,1,0,0
115868,"Primula farinosa L., 1753",Primula farinosa,0,0,0,0,0,0,0,1,1,0
115918,"Primula veris L., 1753",Primula veris,0,1,0,0,1,0,0,1,0,0
116012,"Prunella vulgaris L., 1753",Prunella vulgaris,0,0,0,0,0,0,0,1,0,0
116043,"Prunus avium (L.) L., 1755",Prunus avium,0,1,0,1,1,0,1,1,0,0
116089,"Prunus laurocerasus L., 1753",Prunus laurocerasus,0,1,0,0,1,0,1,1,1,0
116096,"Prunus mahaleb L., 1753",Prunus mahaleb,0,1,0,1,1,0,1,1,0,0
116109,"Prunus padus L., 1753",Prunus padus,0,1,0,1,1,1,1,1,0,0
116142,"Prunus spinosa L., 1753",Prunus spinosa,0,1,0,1,1,0,1,1,1,0
116216,"Pseudotsuga menziesii (Mirb.) Franco, 1950",Pseudotsuga menziesii,0,1,1,0,0,0,1,1,0,1
116265,"Pteridium aquilinum (L.) Kuhn, 1879",Pteridium aquilinum,1,0,0,1,1,0,1,1,1,1
116392,"Pulicaria dysenterica (L.) Bernh., 1800",Pulicaria dysenterica,0,0,0,0,0,0,0,1,0,0
116416,"Pulmonaria longifolia (Bastard) Boreau, 1857",Pulmonaria longifolia,0,1,0,0,0,0,0,0,0,0
116422,"Pulmonaria officinalis L., 1753",Pulmonaria officinalis,0,1,0,0,0,0,0,1,0,0
116547,"Pyrola rotundifolia L., 1753",Pyrola rotundifolia,0,0,0,0,0,0,0,1,0,0
116574,"Pyrus communis L., 1753",Pyrus communis,0,0,0,1,1,0,1,1,1,0
116704,"Quercus ilex L., 1753 [nom. et typ. cons. prop.]",Quercus ilex,0,1,0,0,1,0,1,1,0,0
521658,"Quercus petraea (Matt.) Liebl., 1784",Quercus petraea,0,1,0,0,0,0,1,1,1,0
116751,"Quercus pubescens Willd., 1796 [nom. et typ. cons.]",Quercus pubescens,0,1,0,0,0,0,1,1,0,0
116754,"Quercus pyrenaica Willd., 1805",Quercus pyrenaica,0,0,0,0,0,0,1,0,0,0
116759,"Quercus robur L., 1753",Quercus robur,1,1,1,0,1,0,1,1,1,0
116876,"Ramonda myconi (L.) Rchb., 1831",Ramonda myconi,0,1,0,0,0,0,0,1,0,0
116903,"Ranunculus acris L., 1753",Ranunculus acris,0,1,0,0,0,0,0,1,1,0
116952,"Ranunculus bulbosus L., 1753",Ranunculus bulbosus,0,0,0,0,0,0,0,1,1,0
117201,"Ranunculus repens L., 1753",Ranunculus repens,0,1,0,0,0,0,0,1,1,0
117224,"Ranunculus sceleratus L., 1753",Ranunculus sceleratus,0,0,0,0,0,0,0,1,1,0
117459,"Reseda luteola L., 1753",Reseda luteola,0,0,0,0,0,0,1,1,0,0
117530,"Rhamnus cathartica L., 1753",Rhamnus cathartica,0,1,0,0,0,0,1,1,1,0
117679,"Rhododendron ferrugineum L., 1753",Rhododendron ferrugineum,0,0,0,0,0,0,1,1,0,0
117712,"Rhus coriaria L., 1753",Rhus coriaria,0,1,0,0,1,0,1,1,0,1
117774,"Ribes rubrum L., 1753",Ribes rubrum,0,1,0,1,1,0,1,1,0,0
117787,"Ribes uva-crispa L., 1753",Ribes uva-crispa,0,0,0,1,1,0,1,1,0,0
117806,"Ricinus communis L., 1753",Ricinus communis,1,1,1,0,1,0,1,1,1,1
118016,"Rosa arvensis Huds., 1762",Rosa arvensis,0,0,0,0,0,0,0,1,0,0
118073,"Rosa canina L., 1753",Rosa canina,0,1,0,0,0,0,1,1,0,0
118397,"Rosa pendulina L., 1753",Rosa pendulina,0,0,0,0,0,0,0,1,0,0
1027822,"Salvia rosmarinus Spenn., 1835",Salvia rosmarinus,1,1,0,0,1,1,1,1,0,0
118916,"Rubia peregrina L., 1753",Rubia peregrina,0,0,0,0,0,0,0,1,0,0
118920,"Rubia tinctorum L., 1753",Rubia tinctorum,0,1,0,0,0,0,1,1,0,0
119097,"Rubus fruticosus L., 1753 [nom. et typ. cons.]",Rubus fruticosus,0,0,0,0,0,0,0,1,0,0
119149,"Rubus idaeus L., 1753",Rubus idaeus,0,0,0,1,1,0,0,1,0,0
119418,"Rumex acetosa L., 1753 [nom. et typ. cons.]",Rumex acetosa,0,0,0,0,1,0,1,1,1,0
119419,"Rumex acetosella L., 1753",Rumex acetosella,0,0,0,0,0,0,0,1,1,0
119435,"Rumex alpinus L., 1753 [nom. et typ. cons.]",Rumex alpinus,0,0,0,0,0,0,0,1,0,0
119473,"Rumex crispus L., 1753",Rumex crispus,0,0,0,1,1,0,1,1,1,0
119550,"Rumex obtusifolius L., 1753",Rumex obtusifolius,0,0,0,0,0,0,0,1,0,0
119558,"Rumex patientia L., 1753",Rumex patientia,0,0,0,0,1,0,0,1,0,0
119698,"Ruscus aculeatus L., 1753",Ruscus aculeatus,0,1,0,0,1,0,1,1,0,0
119860,"Sagittaria sagittifolia L., 1753",Sagittaria sagittifolia,1,0,0,0,1,0,0,1,0,0
119881,"Salicornia europaea L., 1753",Salicornia europaea,1,1,0,0,1,0,1,1,0,0
119915,"Salix alba L., 1753 [nom. et typ. cons.]",Salix alba,0,0,0,0,0,1,1,1,0,0
119977,"Salix caprea L., 1753",Salix caprea,0,1,0,1,0,1,1,1,0,0
120135,"Salix myrsinifolia Salisb., 1796",Salix myrsinifolia,0,0,1,0,0,0,0,1,0,0
120189,"Salix purpurea L., 1753",Salix purpurea,0,1,0,0,0,0,1,1,0,0
120642,"Salvia fruticosa Mill., 1768",Salvia fruticosa,0,0,0,0,1,0,1,1,1,0
120643,"Salvia glutinosa L., 1753",Salvia glutinosa,0,0,0,0,0,0,0,1,0,0
120678,"Salvia officinalis L., 1753",Salvia officinalis,0,1,0,0,1,0,1,1,1,0
120685,"Salvia pratensis L., 1753",Salvia pratensis,0,1,0,0,0,0,0,1,0,0
120720,"Sambucus racemosa L., 1753",Sambucus racemosa,0,0,0,0,1,0,1,1,1,0
120712,"Sambucus ebulus L., 1753",Sambucus ebulus,0,1,1,0,1,0,1,1,1,0
120717,"Sambucus nigra L., 1753",Sambucus nigra,0,1,0,0,1,0,1,1,1,0
115789,"Poterium sanguisorba L., 1753",Sanguisorba minor,0,1,0,0,0,0,0,1,0,0
120758,"Sanguisorba officinalis L., 1753",Sanguisorba officinalis,0,1,0,0,1,0,1,1,0,0
120772,"Sanicula europaea L., 1753",Sanicula europaea,0,0,0,0,0,0,0,1,0,0
120785,"Santolina chamaecyparissus L., 1753",Santolina chamaecyparissus,0,1,0,0,0,0,0,1,0,0
120823,"Saponaria ocymoides L., 1753",Saponaria ocymoides,0,1,0,0,0,0,0,0,0,0
120824,"Saponaria officinalis L., 1753",Saponaria officinalis,0,1,0,0,0,0,0,1,1,0
120908,"Satureja montana L., 1753",Satureja montana,0,1,0,0,1,0,1,1,0,0
121065,"Saxifraga granulata L., 1753",Saxifraga granulata,0,0,0,0,0,0,0,1,0,0
121334,"Scabiosa columbaria L., 1753",Scabiosa columbaria,1,1,0,1,1,1,1,1,0,0
121449,"Scandix pecten-veneris L., 1753",Scandix pecten-veneris,0,0,0,0,0,0,0,1,0,0
121606,"Scilla bifolia L., 1753",Scilla bifolia,0,1,0,0,0,0,0,1,0,0
121823,"Scleranthus annuus L., 1753",Scleranthus annuus,0,0,0,0,0,0,0,1,0,0
121999,"Scrophularia auriculata L., 1753 [nom. et typ. cons.]",Scrophularia auriculata,0,0,0,0,0,0,0,1,1,0
122028,"Scrophularia nodosa L., 1753",Scrophularia nodosa,0,0,0,0,0,0,0,1,1,0
122069,"Scutellaria galericulata L., 1753",Scutellaria galericulata,0,0,0,0,0,0,0,1,0,0
122101,"Sedum acre L., 1753",Sedum acre,0,1,0,0,0,0,0,1,1,0
122106,"Sedum album L., 1753",Sedum album,0,1,0,0,0,0,0,1,0,0
122493,"Sempervivum tectorum L., 1753",Sempervivum tectorum,0,1,0,0,0,0,0,1,0,0
117668,"Rhodiola rosea L., 1753",Rhodiola rosea,0,1,0,0,0,0,0,1,0,0
112816,"Petrosedum rupestre (L.) P.V.Heath, 1987",Petrosedum rupestre,0,1,0,0,0,0,0,0,0,0
103162,"Hylotelephium telephium (L.) H.Ohba, 1977",Hylotelephium telephium,0,1,0,0,0,0,0,1,0,0
122419,"Sempervivum arachnoideum L., 1753",Sempervivum arachnoideum,0,1,0,0,0,0,0,0,0,0
122467,"Sempervivum montanum L., 1753",Sempervivum montanum,0,1,0,0,0,0,0,0,0,0
122675,"Senecio ovatus (G.Gaertn., B.Mey. & Scherb.) Willd., 1803",Senecio ovatus,0,0,0,0,0,0,0,1,0,0
122745,"Senecio vulgaris L., 1753",Senecio vulgaris,0,0,0,0,0,0,0,1,1,0
122971,"Serratula tinctoria L., 1753",Serratula tinctoria,0,0,0,0,0,0,0,1,0,0
123258,"Sideritis hyssopifolia L., 1753",Sideritis hyssopifolia,0,0,0,0,0,0,0,1,0,0
123683,"Silene vulgaris (Moench) Garcke, 1869",Silene vulgaris,0,0,0,0,1,0,0,1,0,0
123705,"Silybum marianum (L.) Gaertn., 1791",Silybum marianum,0,0,0,0,1,1,0,1,1,0
123711,"Sinapis alba L., 1753",Sinapis alba,1,1,1,1,1,0,0,1,1,0
123713,"Sinapis arvensis L., 1753",Sinapis arvensis,0,0,0,1,0,0,0,1,1,0
123863,"Sisymbrium officinale (L.) Scop., 1772",Sisymbrium officinale,0,0,0,0,0,0,0,1,0,0
124034,"Solanum dulcamara L., 1753",Solanum dulcamara,0,0,0,0,0,0,1,1,1,0
124080,"Solanum nigrum L., 1753",Solanum nigrum,0,0,0,0,1,0,0,1,0,0
124164,"Solidago canadensis L., 1753",Solidago canadensis,0,1,0,0,0,1,0,1,0,0
124168,"Solidago gigantea Aiton, 1789",Solidago gigantea,0,1,0,0,0,1,0,1,0,0
124205,"Solidago virgaurea L., 1753",Solidago virgaurea,0,0,0,0,1,0,0,1,0,0
124232,"Sonchus arvensis L., 1753",Sonchus arvensis,0,0,0,0,0,0,0,1,0,0
124233,"Sonchus asper (L.) Hill, 1769",Sonchus asper,0,0,0,1,1,0,1,1,0,0
124308,"Sorbus aucuparia L., 1753",Sorbus aucuparia,0,1,0,1,1,0,1,1,0,0
124453,"Spartium junceum L., 1753",Spartium junceum,0,1,0,0,1,0,1,1,1,0
124499,"Spergula arvensis L., 1753",Spergula arvensis,1,0,0,0,1,0,0,1,0,0
124578,"Spergularia rubra (L.) J.Presl & C.Presl, 1819",Spergularia rubra,1,1,0,0,0,0,0,1,0,0
124741,"Stachys annua (L.) L., 1763",Stachys annua,0,0,0,0,0,0,0,1,0,0
124744,"Stachys arvensis (L.) L., 1763",Stachys arvensis,0,0,0,0,0,0,0,1,1,0
124798,"Stachys palustris L., 1753",Stachys palustris,0,1,0,0,0,0,0,1,0,0
124814,"Stachys sylvatica L., 1753",Stachys sylvatica,0,0,0,0,0,0,0,1,0,0
124970,"Stellaria aquatica (L.) Scop., 1771",Stellaria aquatica,1,0,0,0,0,0,0,1,0,0
125014,"Stellaria media (L.) Vill., 1789",Stellaria media,1,1,0,1,1,0,1,1,1,0
125295,"Succisa pratensis Moench, 1794",Succisa pratensis,0,0,0,0,0,1,1,1,1,0
125324,"Symphoricarpos albus (L.) S.F.Blake, 1914",Symphoricarpos albus,0,1,0,0,0,0,0,1,1,0
125355,"Symphytum officinale L., 1753",Symphytum officinale,1,1,0,1,1,0,1,1,1,0
125426,"Tamarix gallica L., 1753",Tamarix gallica,0,1,1,0,1,0,1,1,0,0
125469,"Tanacetum parthenium (L.) Sch.Bip., 1844",Tanacetum parthenium,0,1,0,0,1,0,1,1,0,0
125474,"Tanacetum vulgare L., 1753",Tanacetum vulgare,0,1,0,0,1,0,1,1,1,0
717630,"Taraxacum officinale F.H.Wigg., 1780",Taraxacum officinale,0,0,0,0,1,1,0,1,0,0
125568,"Taraxacum dens-leonis Desf., 1799",Taraxacum officinale,0,0,0,0,1,1,0,1,0,0
125816,"Taxus baccata L., 1753",Taxus baccata,0,1,0,0,1,0,1,1,1,0
125981,"Teucrium chamaedrys L., 1753",Teucrium chamaedrys,0,1,0,0,0,0,0,1,0,0
126006,"Teucrium marum L., 1753",Teucrium marum,0,0,0,0,0,0,0,1,0,0
126008,"Teucrium montanum L., 1753",Teucrium montanum,0,0,0,0,0,0,0,1,0,0
126019,"Teucrium polium L., 1753",Teucrium polium,1,0,0,0,1,0,0,1,0,0
126035,"Teucrium scorodonia L., 1753",Teucrium scorodonia,0,0,0,0,0,0,0,1,0,0
126573,"Thymus serpyllum L., 1753",Thymus serpyllum,0,1,0,0,0,0,1,1,0,0
126582,"Thymus vulgaris L., 1753",Thymus vulgaris,0,1,0,0,1,0,1,1,1,0
126628,"Tilia cordata Mill., 1768",Tilia cordata,0,1,1,1,0,1,1,1,0,0
126650,"Tilia platyphyllos Scop., 1771 [nom. et typ. cons.]",Tilia platyphyllos,0,1,0,1,0,0,1,1,0,0
127029,"Tragopogon pratensis L., 1753",Tragopogon pratensis,0,0,0,0,0,1,0,1,0,0
127131,"Tribulus terrestris L., 1753",Tribulus terrestris,1,1,0,1,1,0,0,1,1,0
127219,"Trifolium alpinum L., 1753",Trifolium alpinum,0,0,0,0,0,0,0,1,0,0
127230,"Trifolium arvense L., 1753",Trifolium arvense,1,0,0,1,0,0,0,1,0,0
127439,"Trifolium pratense L., 1753",Trifolium pratense,1,1,0,1,1,1,0,1,1,0
127872,"Trollius europaeus L., 1753",Trollius europaeus,0,1,0,0,0,0,0,1,0,0
128042,"Tussilago farfara L., 1753",Tussilago farfara,0,0,0,0,1,1,0,1,1,0
128077,"Typha latifolia L., 1753",Typha latifolia,1,1,0,1,1,0,1,1,1,0
128175,"Ulmus minor Mill., 1768",Ulmus minor,0,1,0,1,0,0,1,1,1,1
128215,"Umbilicus rupestris (Salisb.) Dandy, 1948",Umbilicus rupestris,0,1,0,0,0,0,0,1,0,0
128268,"Urtica dioica L., 1753",Urtica dioica,1,0,0,1,1,0,1,1,1,1
128298,"Urtica urens L., 1753",Urtica urens,0,0,0,0,0,0,0,1,0,0
128345,"Vaccinium myrtillus L., 1753",Vaccinium myrtillus,1,0,0,1,1,1,1,1,0,0
128355,"Vaccinium vitis-idaea L., 1753",Vaccinium vitis-idaea,0,0,0,1,1,0,0,1,0,0
128391,"Valeriana celtica L., 1753",Valeriana celtica,0,0,0,0,0,0,0,1,0,0
128419,"Valeriana officinalis L., 1753",Valeriana officinalis,0,0,0,0,1,0,1,1,0,0
128476,"Valerianella locusta (L.) Laterr., 1821",Valeriana locusta,0,0,0,1,1,0,0,1,0,0
128520,"Veratrum album L., 1753",Veratrum album,0,1,0,0,0,0,0,1,1,0
128567,"Verbascum densiflorum Bertol., 1810",Verbascum densiflorum,0,1,0,0,0,0,0,1,0,0
128615,"Verbascum nigrum L., 1753",Verbascum nigrum,0,1,0,0,0,0,0,1,0,0
128660,"Verbascum thapsus L., 1753",Verbascum thapsus,0,0,0,0,0,0,1,1,0,0
128754,"Verbena officinalis L., 1753",Verbena officinalis,0,1,1,0,1,0,1,1,1,1
128808,"Veronica beccabunga L., 1753",Veronica beccabunga,0,1,0,1,1,0,1,1,0,0
128832,"Veronica chamaedrys L., 1753",Veronica chamaedrys,0,0,0,0,0,0,0,1,0,0
128938,"Veronica officinalis L., 1753",Veronica officinalis,0,0,0,0,1,0,0,1,0,0
129083,"Viburnum lantana L., 1753",Viburnum lantana,0,1,0,0,0,0,1,1,1,0
129087,"Viburnum opulus L., 1753",Viburnum opulus,0,1,0,0,1,0,1,1,1,0
129468,"Vinca major L., 1753",Vinca major,0,1,0,0,0,0,0,1,0,0
129470,"Vinca minor L., 1753",Vinca minor,0,1,0,0,0,0,0,1,0,0
129477,"Vincetoxicum hirundinaria Medik., 1790",Vincetoxicum hirundinaria,0,1,0,0,0,0,0,1,1,0
129506,"Viola arvensis Murray, 1770",Viola arvensis,0,0,0,0,0,0,0,1,0,0
129520,"Viola biflora L., 1753",Viola biflora,0,0,0,0,0,0,0,1,0,0
129527,"Viola calcarata L., 1753",Viola calcarata,0,0,0,0,0,0,0,1,0,0
129529,"Viola canina L., 1753",Viola canina,0,0,0,0,0,0,0,1,0,0
129614,"Viola lutea Huds., 1762",Viola lutea,0,0,0,0,0,0,0,1,0,0
129632,"Viola odorata L., 1753",Viola odorata,0,1,0,0,1,0,1,1,0,0
129639,"Viola palustris L., 1753",Viola palustris,0,0,0,0,0,0,0,1,0,0
129723,"Viola tricolor L., 1753",Viola tricolor,0,1,0,0,1,0,0,1,0,0
129906,"Viscum album L., 1753",Viscum album,0,0,0,0,0,0,1,1,1,1
130492,"Xanthium strumarium L., 1753",Xanthium strumarium,0,0,1,0,1,0,1,1,1,0
130491,"Xanthium spinosum L., 1753",Xanthium spinosum,0,0,0,0,0,0,0,1,1,0
162352,"Ziziphus jujuba Mill., 1768 [nom. cons.]",Ziziphus jujuba,1,1,1,1,1,1,1,1,1,1
