"NOM_VALIDE","CD_REF","Cosmetics","Crafts","Food and Beverages","Medical/Therapeutic","Ornamental Plants","Other"
"Abies alba Mill., 1768",79319,0,2,1,3,0,1
"Acacia dealbata Link, 1822",79691,0,1,1,1,1,1
"Acer campestre L., 1753",79734,0,2,1,3,0,2
"Acer negundo L., 1753",79766,0,2,1,3,0,2
"Achillea erba-rotta All., 1773",79887,0,0,0,1,0,0
"Achillea millefolium L., 1753",79908,0,1,3,3,0,3
"Achillea nana L., 1753",79913,0,0,1,2,0,1
"Achillea ptarmica L., 1753",79921,0,0,0,3,0,2
"Achillea tomentosa L., 1753",79939,0,0,0,1,0,0
"Aconitum anthora L., 1753",80007,0,0,0,2,0,1
"Aconitum lycoctonum L., 1753",80034,0,0,0,2,0,0
"Aconitum napellus L., 1753",80037,0,1,0,3,0,1
"Aconitum variegatum L., 1753",80066,0,0,0,1,0,1
"Acorus calamus L., 1753",80086,0,1,2,2,0,1
"Actaea spicata L., 1753",80137,0,0,0,3,0,1
"Adiantum capillus-veneris L., 1753",447951,0,0,2,2,0,2
"Adonis annua L., 1753 [nom. et typ. cons.]",80212,0,0,0,2,0,1
"Adonis vernalis L., 1753",80240,0,1,0,2,0,1
"Aegopodium podagraria L., 1753",80322,0,0,1,3,0,2
"Aethusa cynapium L., 1753",80358,0,0,0,3,0,2
"Agave americana L., 1753",80383,0,1,1,2,1,1
"Agrimonia eupatoria L., 1753",80410,0,1,2,3,0,2
"Agrimonia procera Wallr., 1840",80417,0,0,0,2,0,1
"Agrostemma githago L., 1753",80546,0,0,0,3,0,2
"Ailanthus altissima (Mill.) Swingle, 1916",80824,0,2,0,3,1,2
"Ajuga chamaepitys (L.) Schreb., 1773",80978,0,0,0,3,0,0
"Ajuga genevensis L., 1753",80980,0,0,0,1,0,0
"Ajuga pyramidalis L., 1753",80988,0,0,0,1,0,0
"Ajuga reptans L., 1753",80990,0,0,0,3,0,1
"Alchemilla acutiloba Opiz, 1838",81027,0,0,0,1,0,0
"Alchemilla alpina L., 1753",81033,0,0,1,3,0,1
"Alkanna matthioli Tausch, 1824",81287,0,1,0,2,0,1
"Alliaria petiolata (M.Bieb.) Cavara & Grande, 1913",81295,0,0,2,3,0,0
"Allium roseum L., 1753",81499,0,0,1,2,0,1
"Allium schoenoprasum L., 1753",81508,0,0,2,3,0,2
"Allium ursinum L., 1753",81541,0,0,2,4,0,1
"Allium victorialis L., 1753",81543,0,0,2,3,0,0
"Alnus alnobetula (Ehrh.) K.Koch, 1872",81563,0,1,0,1,0,0
"Alnus glutinosa (L.) Gaertn., 1790",81569,0,2,1,3,1,2
"Alnus incana (L.) Moench, 1794",81570,0,2,0,2,1,2
"Althaea officinalis L., 1753",81856,0,1,3,3,0,2
"Amaranthus retroflexus L., 1753",82018,0,0,1,2,0,2
"Ambrosia artemisiifolia L., 1753",82080,0,0,0,1,0,1
"Ammi majus L., 1753",82130,0,0,1,2,0,3
"Anchusa azurea Mill., 1768",618756,0,1,1,3,0,1
"Anchusa officinalis L., 1753",82391,0,1,1,3,0,1
"Anemone nemorosa L., 1753",82637,0,0,0,3,0,1
"Anemone ranunculoides L., 1753",82656,0,0,0,2,0,1
"Angelica sylvestris L., 1753",82738,0,0,2,3,0,2
"Antennaria dioica (L.) Gaertn., 1791",82796,0,0,0,3,0,1
"Anthoxanthum odoratum L., 1753",82922,0,1,1,3,0,1
"Anthriscus sylvestris (L.) Hoffm., 1814",82952,0,1,2,3,0,1
"Anthyllis vulneraria L., 1753",82999,0,0,2,3,0,2
"Antirrhinum majus L., 1753",83058,0,0,1,3,0,2
"Apium graveolens L., 1753",83195,0,1,3,3,0,2
"Aquilegia vulgaris L., 1753",83267,0,0,1,3,0,1
"Arbutus unedo L., 1753",83481,0,2,2,3,0,2
"Arctium lappa L., 1753",83499,0,1,2,3,0,2
"Arctium minus (Hill) Bernh., 1800",83502,0,0,2,3,0,1
"Arctostaphylos uva-ursi (L.) Spreng., 1825",83528,0,2,2,3,1,1
"Arenaria serpyllifolia L., 1753",83653,0,0,1,3,0,0
"Argentina anserina (L.) Rydb., 1899",83714,0,0,1,2,0,0
"Aristolochia clematitis L., 1753",83777,0,0,0,3,0,0
"Aristolochia rotunda L., 1753",83793,0,0,0,3,0,0
"Armeria maritima (Mill.) Willd., 1809",83832,0,0,0,2,0,1
"Armoracia rusticana G.Gaertn., B.Mey. & Scherb., 1800",83866,0,1,2,2,0,1
"Arnica montana L., 1753",83874,1,1,1,4,0,2
"Arrhenatherum elatius (L.) P.Beauv. ex J.Presl & C.Presl, 1819",83912,0,0,0,2,0,1
"Artemisia absinthium L., 1753",83933,0,1,2,3,0,2
"Artemisia annua L., 1753",83938,0,1,2,2,0,1
"Artemisia eriantha Ten., 1831",83969,0,0,2,1,0,1
"Artemisia genipi Weber, 1775",83973,0,0,3,3,0,0
"Artemisia glacialis L., 1763",83974,0,1,3,3,0,0
"Artemisia maritima L., 1753",84003,0,1,1,2,0,1
"Artemisia umbelliformis Lam., 1783",84053,0,0,4,3,0,0
"Artemisia vulgaris L., 1753",84061,0,1,2,3,0,1
"Arum italicum Mill., 1768",84110,0,1,0,2,0,2
"Arum maculatum L., 1753",84112,0,1,0,3,0,2
"Aruncus dioicus (Walter) Fernald, 1939",84135,0,0,0,3,0,1
"Arundo donax L., 1753",84173,0,1,2,3,1,2
"Asarum europaeum L., 1753",84230,0,1,0,3,0,0
"Asclepias syriaca L., 1753",84251,0,1,2,3,0,1
"Asparagus officinalis L., 1753",84279,0,0,2,2,0,1
"Asperula cynanchica L., 1753",84306,0,0,1,1,0,0
"Asperula tinctoria L., 1753",84330,0,0,0,1,0,1
"Asphodelus albus Mill., 1768",84338,0,0,0,2,0,1
"Asplenium adiantum-nigrum L., 1753",84458,0,0,0,3,0,2
"Asplenium ceterach L., 1753",84472,0,0,0,3,0,0
"Asplenium scolopendrium L., 1753",84524,0,0,0,2,0,0
"Astrantia major L., 1753",84936,0,0,0,2,0,2
"Atropa bella-donna L., 1753",85152,0,1,0,3,1,1
"Ballota nigra L., 1753",85502,0,0,0,3,0,1
"Barbarea vulgaris W.T.Aiton, 1812",761965,0,0,2,3,0,1
"Bellis perennis L., 1753",85740,0,0,1,3,0,1
"Berberis vulgaris L., 1753",85774,0,3,3,3,0,2
"Beta vulgaris L., 1753",85820,0,1,1,1,0,1
"Betonica officinalis L., 1753",85852,0,0,0,2,0,1
"Betula pendula Roth, 1788",85903,0,3,2,3,0,2
"Betula pubescens Ehrh., 1791",85904,0,2,1,2,0,1
"Bidens pilosa L., 1753",85972,0,1,2,2,0,1
"Bistorta officinalis Delarbre, 1800",86081,0,0,2,2,0,1
"Blackstonia perfoliata (L.) Huds., 1762",86087,0,0,0,1,0,0
"Blitum bonus-henricus (L.) Rchb., 1832",994837,0,0,2,2,0,2
"Borago officinalis L., 1753",86156,0,1,3,3,0,2
"Briza media L., 1753",86490,0,0,0,2,0,1
"Bryonia dioica Jacq., 1774",86828,0,0,0,2,0,0
"Buglossoides arvensis (L.) I.M.Johnst., 1954",86890,0,0,0,3,0,0
"Bunias erucago L., 1753",86969,0,0,0,1,0,0
"Bupleurum falcatum L., 1753",87044,0,0,0,3,0,1
"Buxus sempervirens L., 1753",87143,0,3,1,3,0,2
"Calendula arvensis L., 1763",87420,0,0,0,3,0,1
"Calluna vulgaris (L.) Hull, 1808",87501,0,0,1,3,0,1
"Caltha palustris L., 1753",87540,0,0,1,3,0,1
"Campanula patula L., 1753",87690,0,0,1,1,0,0
"Campanula rapunculus L., 1753",87712,0,0,2,2,0,0
"Campanula rotundifolia L., 1753",87720,0,0,1,2,0,1
"Campanula trachelium L., 1753",87742,0,0,1,2,0,1
"Capsella bursa-pastoris (L.) Medik., 1792",87849,0,1,3,3,1,1
"Cardamine pratensis L., 1753",87964,0,0,2,3,0,0
"Carlina acaulis L., 1753",89147,0,1,1,3,0,1
"Carlina vulgaris L., 1753",89180,0,0,0,3,0,1
"Carpinus betulus L., 1753",89200,0,2,0,3,0,1
"Carthamus lanatus L., 1753",89232,0,0,0,2,0,1
"Carum carvi L., 1753",89250,0,1,3,3,0,2
"Castanea sativa Mill., 1768",89304,0,2,2,2,0,1
"Cedrus atlantica (Endl.) Manetti ex Carrière, 1855",89452,0,2,0,2,0,2
"Celtis australis L., 1753",89468,0,2,1,2,0,1
"Centaurea benedicta (L.) L., 1763",89531,0,1,1,2,0,2
"Centaurea calcitrapa L., 1753",89542,0,0,0,3,0,1
"Centaurea jacea L., 1753",89619,0,0,0,3,0,1
"Centaurea nigra L., 1753",89653,0,0,0,3,0,0
"Centaurium erythraea Rafn, 1800",89840,0,0,2,3,0,1
"Centranthus ruber (L.) DC., 1805",89888,0,0,0,3,0,2
"Ceratonia siliqua L., 1753",447038,0,2,3,2,0,1
"Cercis siliquastrum L., 1753",90234,0,2,1,1,0,1
"Chamaemelum nobile (L.) All., 1785",90470,0,1,2,2,0,2
"Chamaenerion angustifolium (L.) Scop., 1771",90483,0,0,2,3,0,2
"Chamaenerion dodonaei (Vill.) Schur, 1853",1019304,0,0,1,1,0,0
"Charybdis maritima (L.) Speta, 1998",161772,0,1,1,1,0,1
"Chelidonium majus L., 1753",90669,0,0,1,3,0,2
"Chenopodium album L., 1753",90681,0,1,2,3,0,1
"Chenopodium vulvaria L., 1753",90836,0,0,0,3,0,0
"Chiliadenus glutinosus (L.) Fourr., 1869",717139,0,0,0,1,0,0
"Chondrilla juncea L., 1753",90954,0,0,0,1,0,0
"Cichorium intybus L., 1753",91169,0,0,3,2,0,1
"Cicuta virosa L., 1753",91199,0,0,0,2,0,1
"Cirsium acaulon (L.) Scop., 1769",621080,0,0,0,2,0,0
"Cirsium arvense (L.) Scop., 1772",91289,0,0,1,3,0,2
"Cistus ladanifer L., 1753",91680,0,1,2,3,0,2
"Clematis recta L., 1753",91880,0,0,0,3,0,0
"Clematis vitalba L., 1753",91886,0,1,2,3,0,2
"Clinopodium grandiflorum (L.) Kuntze, 1891",91904,1,0,1,2,0,0
"Clinopodium nepeta (L.) Kuntze, 1891",91910,0,0,1,1,0,1
"Clinopodium vulgare L., 1753",91912,0,0,1,3,0,1
"Cochlearia officinalis L., 1753",92052,0,0,0,2,0,1
"Colchicum autumnale L., 1753",92127,0,1,0,3,1,1
"Colutea arborescens L., 1753",92196,0,1,1,3,1,2
"Conium maculatum L., 1753",92237,0,0,0,3,0,1
"Convallaria majalis L., 1753",92282,0,1,0,3,0,1
"Convolvulus arvensis L., 1753",92302,0,0,1,3,0,2
"Convolvulus sepium L., 1753",92353,0,0,0,2,0,0
"Coriaria myrtifolia L., 1753",92467,0,1,0,2,0,1
"Cormus domestica (L.) Spach, 1834",92488,0,2,2,2,0,2
"Cornus mas L., 1753",92497,0,3,3,3,0,2
"Cornus sanguinea L., 1753",92501,0,3,1,3,0,2
"Corrigiola litoralis L., 1753",92566,0,1,0,2,0,0
"Corylus avellana L., 1753",92606,0,3,2,3,1,2
"Cotinus coggygria Scop., 1771",92631,0,2,1,3,0,2
"Crataegus azarolus L., 1753",92824,0,1,2,2,0,1
"Crataegus germanica (L.) Kuntze, 1891",92854,0,1,1,1,0,1
"Crataegus laevigata (Poir.) DC., 1825",92864,0,1,2,3,0,1
"Crataegus monogyna Jacq., 1775",92876,0,2,3,2,0,2
"Crepis sancta (L.) Bornm., 1913",93129,0,0,1,1,0,0
"Crepis vesicaria L., 1753",93157,0,0,1,2,0,0
"Crithmum maritimum L., 1753",93190,0,0,1,3,0,1
"Cruciata laevipes Opiz, 1852",93308,0,0,0,3,0,0
"Cupressus sempervirens L., 1753",93590,0,2,0,3,0,2
"Cuscuta epithymum (L.) L., 1774",93621,0,0,0,2,0,0
"Cuscuta europaea L., 1753",93623,0,0,0,1,0,1
"Cyanus montanus (L.) Hill, 1768",93673,0,0,0,2,0,1
"Cyanus segetum Hill, 1762",93680,0,0,0,2,0,2
"Cyclamen purpurascens Mill., 1768",93708,0,1,0,1,0,0
"Cynodon dactylon (L.) Pers., 1805",93803,0,1,1,3,1,1
"Cynoglossum officinale L., 1753",93840,0,0,0,3,0,1
"Cyperus longus L., 1753",93967,0,1,3,2,0,2
"Cyperus rotundus L., 1753",94011,0,1,2,3,0,2
"Cytisus scoparius (L.) Link, 1822",94164,0,2,2,3,1,2
"Dactylis glomerata L., 1753",94207,0,0,0,3,1,1
"Dactylorhiza maculata (L.) Soó, 1962",94266,0,0,0,2,0,0
"Daphne gnidium L., 1753",94427,0,1,0,3,0,1
"Daphne laureola L., 1753",94432,0,1,0,2,0,1
"Daphne mezereum L., 1753",94435,0,0,1,3,0,1
"Datura stramonium L., 1753",94489,0,1,1,2,0,1
"Daucus carota L., 1753",94503,0,1,3,3,0,2
"Delphinium consolida L., 1753",94572,0,0,0,2,0,1
"Deschampsia cespitosa (L.) P.Beauv., 1812",94626,0,1,0,1,0,1
"Descurainia sophia (L.) Webb ex Prantl, 1891",94645,0,0,2,3,0,1
"Dianthus carthusianorum L., 1753",94716,0,0,0,1,0,1
"Dictamnus albus L., 1753",94923,0,0,1,2,0,1
"Digitalis lutea L., 1753",94945,0,0,0,3,0,0
"Digitalis purpurea L., 1753",94959,0,1,0,3,0,1
"Dioscorea communis (L.) Caddick & Wilkin, 2002",611652,0,0,2,2,0,2
"Diplotaxis tenuifolia (L.) DC., 1821",95136,0,0,0,2,0,1
"Dipsacus fullonum L., 1753",95149,0,1,1,3,0,1
"Dittrichia graveolens (L.) Greuter, 1973",95186,0,0,0,2,0,1
"Dittrichia viscosa (L.) Greuter, 1973",95187,0,1,0,2,0,0
"Doronicum pardalianches L., 1753",95239,0,0,0,3,0,1
"Dracunculus vulgaris Schott, 1832",95425,0,0,0,1,0,1
"Drosera anglica Huds., 1778",95436,0,0,0,1,0,1
"Drosera intermedia Hayne, 1798",95438,0,0,0,1,0,0
"Drosera rotundifolia L., 1753",95442,0,0,0,2,0,1
"Dryas octopetala L., 1753",95461,0,0,2,3,0,2
"Dryopteris filix-mas (L.) Schott, 1834",95567,0,0,0,3,0,2
"Dysphania ambrosioides (L.) Mosyakin & Clemants, 2002",611753,0,1,1,1,0,1
"Dysphania botrys (L.) Mosyakin & Clemants, 2002",611755,0,0,0,2,0,1
"Ecballium elaterium (L.) A.Rich., 1824",95662,0,0,0,3,0,1
"Echium vulgare L., 1753",95793,0,0,0,3,0,1
"Eclipta prostrata (L.) L., 1771",95806,0,1,1,2,0,1
"Elytrigia repens (L.) Desv. ex Nevski, 1934",96046,0,1,2,3,1,2
"Ephedra distachya L., 1753",96101,0,1,0,2,0,0
"Epilobium hirsutum L., 1753",96180,0,1,3,3,0,1
"Epilobium montanum L., 1753",96208,0,0,1,1,0,0
"Epilobium palustre L., 1753",96226,0,0,0,2,0,0
"Epilobium parviflorum Schreb., 1771",96229,0,0,0,2,0,0
"Epilobium roseum Schreb., 1771",96251,0,0,0,1,0,0
"Epilobium tetragonum L., 1753",96271,0,0,1,2,0,0
"Equisetum arvense L., 1753",96508,0,1,2,3,0,3
"Equisetum hyemale L., 1753",96523,0,1,0,3,0,2
"Equisetum palustre L., 1753",96534,0,0,0,2,0,1
"Equisetum sylvaticum L., 1753",96545,0,1,0,2,0,0
"Equisetum telmateia Ehrh., 1783",96546,0,0,0,2,0,1
"Equisetum variegatum Schleich. ex F.Weber & D.Mohr, 1807",762284,0,0,0,1,0,0
"Erica carnea L., 1753 [nom. cons.]",96664,0,0,0,1,0,0
"Erica ciliaris L., 1753",96665,0,0,0,0,0,1
"Erica cinerea L., 1753",96667,0,0,0,2,0,1
"Erica scoparia L., 1753",96691,0,1,0,1,0,1
"Erigeron acris L., 1753",611688,0,0,0,2,0,0
"Erigeron canadensis L., 1753",96749,0,1,1,1,0,1
"Erodium cicutarium (L.) L'Hér., 1789",96895,0,1,1,3,0,2
"Eryngium campestre L., 1753",97141,0,0,0,2,0,1
"Erysimum cheiri (L.) Crantz, 1769",97185,0,0,0,3,0,0
"Euonymus europaeus L., 1753",609982,0,2,1,3,0,1
"Eupatorium cannabinum L., 1753",97434,0,1,0,2,0,1
"Euphorbia amygdaloides L., 1753",97452,0,0,0,2,0,1
"Euphorbia cyparissias L., 1753",97490,0,0,0,2,0,1
"Euphorbia helioscopia L., 1753",97537,0,0,1,3,0,1
"Euphorbia lathyris L., 1753",97556,0,1,2,3,0,2
"Euphorbia palustris L., 1753",97601,0,1,0,2,0,0
"Euphrasia officinalis L., 1753",97781,0,0,0,2,0,0
"Fagus sylvatica L., 1753",97947,0,2,2,3,0,1
"Ferula communis L., 1753",98020,0,1,1,3,0,2
"Ferula glauca L., 1753",98023,0,0,0,1,0,0
"Ficaria verna Huds., 1762",98651,0,0,1,2,0,1
"Ficus carica L., 1753",98653,0,1,2,3,0,1
"Filipendula ulmaria (L.) Maxim., 1879",98717,0,1,2,3,0,1
"Filipendula vulgaris Moench, 1794",98718,0,0,0,3,0,1
"Foeniculum vulgare Mill., 1768",98756,0,1,3,3,0,2
"Fragaria vesca L., 1753",98865,0,1,3,3,0,1
"Frangula alnus Mill., 1768",98887,0,1,0,2,0,1
"Fraxinus angustifolia Vahl, 1804 [nom. cons.]",98910,0,1,1,2,0,1
"Fraxinus excelsior L., 1753",98921,0,3,2,3,0,2
"Fraxinus ornus L., 1753",98933,0,1,0,3,0,1
"Fritillaria meleagris L., 1753",98977,0,0,0,0,0,1
"Fumaria officinalis L., 1753",99108,0,1,0,3,0,0
"Galanthus nivalis L., 1753",99233,0,0,0,3,0,1
"Galatella sedifolia (L.) Greuter, 2003",610594,0,0,0,2,0,0
"Galega officinalis L., 1753",99260,0,0,0,3,0,3
"Galeopsis ladanum L., 1753",99305,0,0,1,2,0,1
"Galeopsis segetum Neck., 1770",99329,0,0,0,3,0,0
"Galeopsis tetrahit L., 1753",99334,0,0,1,3,0,0
"Galinsoga parviflora Cav., 1795",99358,0,0,2,2,0,1
"Galium album Mill., 1768",99366,0,0,0,1,0,0
"Galium aparine L., 1753",99373,0,1,1,3,0,0
"Galium mollugo L., 1753",99473,0,0,1,3,0,1
"Galium odoratum (L.) Scop., 1771",99488,0,0,3,3,0,1
"Galium palustre L., 1753",99494,0,0,0,2,0,0
"Galium verum L., 1753",99582,0,1,2,3,0,0
"Genista cinerea (Vill.) DC., 1805",99735,0,0,0,0,0,1
"Genista scorpius (L.) DC., 1805",99815,0,0,0,2,0,1
"Genista tinctoria L., 1753",99828,0,1,1,3,0,2
"Gentiana acaulis L., 1753",99854,0,0,0,3,0,1
"Gentiana cruciata L., 1753",99881,0,0,0,3,0,0
"Gentiana lutea L., 1753",99903,1,1,4,4,1,3
"Gentiana pneumonanthe L., 1753",99922,0,0,0,2,0,0
"Gentiana purpurea L., 1753",99929,0,0,0,2,0,0
"Gentiana verna L., 1753",99953,0,0,0,1,0,0
"Geranium robertianum L., 1753",100142,0,0,0,3,0,1
"Geranium rotundifolium L., 1753",100144,0,0,0,3,0,0
"Geranium sanguineum L., 1753",100149,0,0,0,2,0,1
"Geum montanum L., 1753",100208,0,0,0,1,0,0
"Geum rivale L., 1753",100215,0,0,1,3,0,0
"Geum urbanum L., 1753",100225,0,0,3,3,0,0
"Glechoma hederacea L., 1753",100310,0,0,2,3,0,1
"Globularia alypum L., 1753",100335,0,1,0,1,0,1
"Gratiola officinalis L., 1753",100576,0,0,0,2,0,1
"Gymnadenia nigra (L.) Rchb.f., 1856",100613,0,0,0,1,0,0
"Hedera helix L., 1753",100787,0,2,0,2,0,2
"Helianthemum nummularium (L.) Mill., 1768",100956,0,0,0,3,0,1
"Helichrysum italicum (Roth) G.Don, 1830",101080,1,1,3,3,0,1
"Helichrysum stoechas (L.) Moench, 1794",101101,0,0,0,3,0,0
"Heliotropium europaeum L., 1753",101144,0,0,0,2,0,1
"Helleborus foetidus L., 1753",101188,0,0,0,2,0,2
"Helleborus viridis L., 1753",101202,0,0,0,2,0,1
"Hepatica nobilis Schreb., 1771",101253,0,0,0,3,0,0
"Heracleum sphondylium L., 1753",101300,0,1,2,3,0,2
"Herniaria cinerea DC., 1815",101405,0,0,0,1,0,0
"Herniaria glabra L., 1753",101411,0,0,0,3,0,0
"Herniaria hirsuta L., 1753",101412,0,0,0,3,0,0
"Hesperis matronalis L., 1753",101460,0,0,2,2,0,1
"Hieracium murorum L., 1753",102235,0,0,0,1,0,0
"Hieracium umbellatum L., 1753",102671,0,0,0,2,0,0
"Hippophae rhamnoides L., 1753",102863,0,2,3,3,1,2
"Humulus lupulus L., 1753",103031,0,1,3,3,0,2
"Hyacinthoides non-scripta (L.) Chouard ex Rothm., 1944",103057,0,0,0,1,0,1
"Hylotelephium telephium (L.) H.Ohba, 1977",103162,0,0,0,1,0,1
"Hyoscyamus albus L., 1753",103178,0,0,0,3,0,1
"Hyoscyamus niger L., 1753",103185,0,0,0,3,0,1
"Hypericum androsaemum L., 1753",103245,0,0,0,3,0,1
"Hypericum nummularium L., 1753",103308,0,0,1,0,0,0
"Hypericum perforatum L., 1753",103316,0,1,2,3,0,2
"Hypericum pulchrum L., 1753",103320,0,0,0,2,0,0
"Hypericum tetrapterum Fr., 1823",103329,0,0,0,1,0,0
"Hypochaeris radicata L., 1753",103375,0,0,1,1,0,0
"Hyssopus officinalis L., 1753",103406,0,1,3,2,0,2
"Ilex aquifolium L., 1753",103514,0,2,1,3,0,2
"Impatiens balsamina L., 1753",445494,0,1,2,2,0,1
"Impatiens noli-tangere L., 1753 [nom. et typ. cons.]",103553,0,0,0,3,0,0
"Imperatoria ostruthium L., 1753",103578,0,1,2,2,0,0
"Inula helenium L., 1753",103627,0,1,1,2,0,1
"Iris germanica L., 1753",103737,0,1,1,2,0,0
"Iris pseudacorus L., 1753",103772,0,1,2,3,0,2
"Isatis tinctoria L., 1753",103817,0,1,0,3,0,2
"Jacobaea incana (L.) Veldkamp, 2006",610642,0,0,0,1,0,0
"Jacobaea maritima (L.) Pelser & Meijden, 2005",610643,0,0,0,2,0,2
"Jacobaea vulgaris Gaertn., 1791",610646,0,0,0,2,0,1
"Juncus effusus L., 1753",104173,0,1,1,2,0,1
"Juniperus communis L., 1753",104397,0,1,2,2,0,1
"Juniperus oxycedrus L., 1753",104409,0,2,2,3,0,1
"Juniperus sabina L., 1753",104413,0,1,0,3,0,2
"Juniperus thurifera L., 1753",104419,0,1,0,2,0,0
"Kickxia elatine (L.) Dumort., 1827",104502,0,0,0,3,0,0
"Knautia arvensis (L.) Coult., 1828",104516,0,0,0,3,0,1
"Lactuca perennis L., 1753",104764,0,0,1,1,0,0
"Lactuca serriola L., 1756",104775,0,0,2,3,0,1
"Lactuca viminea (L.) J.Presl & C.Presl, 1819",104786,0,1,0,0,0,1
"Lactuca virosa L., 1753",104787,0,0,1,3,0,0
"Lamium album L., 1753",104854,0,0,2,3,0,1
"Lamium amplexicaule L., 1753",104855,0,0,0,3,0,1
"Lamium galeobdolon (L.) L., 1759",104876,0,0,0,3,0,1
"Lamium maculatum (L.) L., 1763",104889,0,0,1,2,0,1
"Lamium purpureum L., 1753",104903,0,0,0,3,0,0
"Lapsana communis L., 1753",105017,0,0,1,2,0,0
"Larix decidua Mill., 1768",105042,0,3,0,3,0,2
"Lathyrus latifolius L., 1753",105211,0,0,0,1,0,2
"Lathyrus sylvestris L., 1753",105266,0,0,0,1,0,2
"Laurus nobilis L., 1753",105295,0,2,3,3,0,2
"Lavandula angustifolia Mill., 1768",105297,0,1,1,3,0,2
"Lavandula latifolia Medik., 1784",105312,0,1,1,3,0,2
"Lavandula stoechas L., 1753",105321,0,0,1,3,0,2
"Lemna gibba L., 1753",105427,0,0,1,0,0,1
"Lemna minor L., 1753",105431,0,0,0,2,0,1
"Leontopodium nivale (Ten.) A.L.P.Huet ex Hand.-Mazz., 1927",611031,0,0,0,2,0,1
"Lepidium draba L., 1753",105621,0,0,1,1,0,1
"Leucanthemum vulgare Lam., 1779",105817,0,1,0,3,0,2
"Ligustrum vulgare L., 1753",105966,0,2,0,3,0,1
"Lilium bulbiferum L., 1753",105979,0,0,0,0,0,1
"Lilium martagon L., 1753",105989,0,0,0,2,0,1
"Linaria repens (L.) Mill., 1768",106213,0,0,0,1,0,0
"Linaria vulgaris Mill., 1768",106234,0,0,0,3,0,0
"Linum catharticum L., 1753",106288,0,0,0,3,0,1
"Lithospermum officinale L., 1753",106396,0,0,1,3,0,0
"Lonicera etrusca Santi, 1795",106565,0,0,0,2,0,0
"Lonicera nigra L., 1753",106574,0,0,0,1,0,0
"Lonicera periclymenum L., 1753",106581,0,1,0,3,0,1
"Lonicera xylosteum L., 1753",106595,0,0,0,2,0,0
"Lotus corniculatus L., 1753",106653,0,0,1,3,0,3
"Lycium barbarum L., 1753",106965,0,0,2,2,1,1
"Lycopus europaeus L., 1753",107038,0,0,0,2,0,0
"Lysimachia arvensis (L.) U.Manns & Anderb., 2009",610909,0,1,1,2,0,1
"Lysimachia nummularia L., 1753",107073,0,0,1,3,0,1
"Lysimachia vulgaris L., 1753",107090,0,1,0,3,0,0
"Lythrum salicaria L., 1753",107117,0,0,1,3,0,1
"Malus sylvestris (L.) Mill., 1768",107217,0,2,3,3,0,2
"Malva alcea L., 1753",107224,0,0,2,3,0,2
"Malva moschata L., 1753",107282,0,0,1,3,0,2
"Malva sylvestris L., 1753",107318,0,1,3,3,0,2
"Marrubium vulgare L., 1753",107397,0,0,2,3,0,2
"Matricaria chamomilla L., 1753",107440,0,1,2,2,0,1
"Matricaria discoidea DC., 1838",107446,0,0,0,1,0,1
"Melampyrum arvense L., 1753",107786,0,0,0,2,0,0
"Melilotus albus Medik., 1787",107886,0,1,1,3,0,3
"Melilotus altissimus Thuill., 1799",107887,0,0,2,2,0,2
"Melilotus officinalis (L.) Lam., 1779",107942,0,0,1,3,0,2
"Melissa officinalis L., 1753",107992,0,1,3,3,0,2
"Melittis melissophyllum L., 1753",108003,0,0,2,3,0,0
"Mentha aquatica L., 1753",108027,0,1,2,2,0,1
"Mentha arvensis L., 1753",108029,0,1,3,3,0,2
"Mentha longifolia (L.) Huds., 1762",108103,0,1,2,3,0,2
"Mentha pulegium L., 1753",108138,0,1,3,3,0,2
"Mentha suaveolens Ehrh., 1792",108168,0,0,2,2,0,2
"Menyanthes trifoliata L., 1753",108345,1,0,2,4,0,1
"Mercurialis annua L., 1753",108351,0,0,1,3,0,1
"Mercurialis perennis L., 1753",108361,0,0,1,3,0,1
"Meum athamanticum Jacq., 1776",108454,0,1,1,3,0,0
"Myosotis arvensis (L.) Hill, 1764",108996,0,0,0,2,0,0
"Myosotis sylvatica Hoffm., 1791",109104,0,0,0,1,0,1
"Myrica gale L., 1753",109130,0,1,2,2,0,1
"Myrrhis odorata (L.) Scop., 1771",109161,0,0,3,3,0,2
"Myrtus communis L., 1753",109186,0,1,3,3,0,1
"Narcissus poeticus L., 1753",109291,2,1,1,3,1,2
"Narcissus pseudonarcissus L., 1753",109297,1,0,1,4,1,1
"Nasturtium officinale W.T.Aiton, 1812",109422,0,0,3,3,0,1
"Nigella arvensis L., 1753",109620,0,0,1,1,0,0
"Nigella damascena L., 1753",109625,0,0,2,3,0,2
"Nuphar lutea (L.) Sm., 1809",109732,0,1,2,2,0,0
"Nuphar pumila (Timm) DC., 1821",109735,0,0,1,2,0,0
"Nymphaea alba L., 1753",109750,0,0,1,2,0,1
"Oenanthe aquatica (L.) Poir., 1798",109861,0,1,0,2,0,1
"Oenothera biennis L., 1753",109911,0,0,1,3,0,1
"Ononis natrix L., 1753",110211,0,0,0,1,0,1
"Ononis spinosa L., 1753 [nom. et typ. cons.]",110236,0,0,0,3,0,1
"Onopordum acanthium L., 1753",110244,0,1,2,3,0,1
"Orchis mascula (L.) L., 1755",110914,0,0,1,2,0,0
"Origanum vulgare L., 1753",111289,0,1,3,3,0,2
"Ornithogalum umbellatum L., 1753",111391,0,0,0,3,0,1
"Orthilia secunda (L.) House, 1921",111771,0,0,1,3,0,0
"Osmunda regalis L., 1753",111815,0,1,1,2,0,1
"Oxalis acetosella L., 1753",111859,0,0,2,3,0,1
"Oxybasis glauca (L.) S.Fuentes, Uotila & Borsch, 2012",717359,0,0,0,1,0,1
"Oxytropis campestris (L.) DC., 1802",111974,0,0,0,2,0,1
"Paeonia officinalis L., 1753",112042,0,0,1,2,0,1
"Paliurus spina-christi Mill., 1768",112061,0,1,1,3,0,1
"Papaver dubium L., 1753",112303,0,0,0,3,0,0
"Papaver rhoeas L., 1753",112355,0,0,2,2,0,1
"Parietaria judaica L., 1756",112410,0,0,0,3,0,0
"Parietaria officinalis L., 1753",112413,0,0,1,3,0,1
"Paris quadrifolia L., 1753",112421,0,0,0,3,0,1
"Parnassia palustris L., 1753",112426,0,0,0,3,0,0
"Parthenocissus tricuspidata (Siebold & Zucc.) Planch., 1887",112467,0,1,1,1,0,1
"Pastinaca sativa L., 1753",112550,0,1,3,3,0,2
"Pedicularis palustris L., 1753",112590,0,0,0,1,0,0
"Pedicularis sylvatica L., 1753",112601,0,0,0,1,0,0
"Persicaria hydropiper (L.) Spach, 1841",112739,0,0,1,2,0,1
"Persicaria maculosa Gray, 1821 [nom. cons.]",112745,0,0,0,2,0,1
"Petasites hybridus (L.) G.Gaertn., B.Mey. & Scherb., 1801",112783,0,0,0,3,0,1
"Petrosedum rupestre (L.) P.V.Heath, 1987",112816,0,0,0,0,0,1
"Phleum pratense L., 1753",113221,0,0,0,3,0,1
"Phragmites australis (Cav.) Trin. ex Steud., 1840",113260,0,1,2,3,1,3
"Physalis alkekengi L., 1753",113321,0,0,2,3,0,1
"Phytolacca americana L., 1753",113418,0,1,2,2,0,1
"Picea abies (L.) H.Karst., 1881",113432,0,3,1,3,0,2
"Pilosella officinarum F.W.Schultz & Sch.Bip., 1862",113525,0,0,0,2,0,0
"Pimpinella major (L.) Huds., 1762",113579,0,0,2,3,0,2
"Pimpinella saxifraga L., 1753",113596,0,1,1,3,0,2
"Pinus cembra L., 1753",113651,0,2,3,1,0,0
"Pinus halepensis Mill., 1768",113665,0,2,2,1,1,1
"Pinus mugo Turra, 1764",113682,0,2,2,3,1,1
"Pinus pinaster Aiton, 1789",113689,0,2,1,3,1,2
"Pinus pinea L., 1753",113690,0,2,3,2,0,2
"Pinus sylvestris L., 1753",113703,0,3,2,3,0,2
"Pistacia lentiscus L., 1753",113744,0,1,2,3,0,2
"Plantago afra L., 1762",113804,0,1,1,2,0,0
"Plantago arenaria Waldst. & Kit., 1802",113809,0,0,1,3,0,0
"Plantago coronopus L., 1753",113842,0,0,1,3,0,0
"Plantago lanceolata L., 1753",113893,0,1,2,3,0,1
"Plantago major L., 1753",113904,0,1,3,3,0,1
"Plantago ovata Forssk., 1775",113924,0,1,2,2,0,1
"Plumbago europaea L., 1753",114080,0,1,0,3,0,1
"Polygala vulgaris L., 1753 [nom. et typ. cons.]",114595,0,0,1,3,0,0
"Polygonatum multiflorum (L.) All., 1785",114611,0,1,0,2,0,1
"Polygonatum odoratum (Mill.) Druce, 1906",114612,0,0,0,3,0,1
"Polygonum aviculare L., 1753",114658,0,1,2,3,0,1
"Polypodium vulgare L., 1753",115016,0,0,2,3,0,1
"Populus alba L., 1753",115110,0,2,1,3,1,1
"Populus nigra L., 1753",115145,0,3,0,3,1,1
"Populus tremula L., 1753",115156,0,3,0,3,1,1
"Portulaca oleracea L., 1753",115215,0,1,2,3,0,1
"Potamogeton natans L., 1753",115280,0,0,0,3,0,1
"Potentilla argentea L., 1753",115407,0,0,0,2,0,0
"Potentilla erecta (L.) Raeusch., 1797",115470,0,0,2,3,0,1
"Potentilla reptans L., 1753",115624,0,0,1,3,0,0
"Poterium sanguisorba L., 1753",115789,0,0,1,2,0,1
"Primula elatior (L.) Hill, 1765",115865,0,0,0,3,0,1
"Primula farinosa L., 1753",115868,0,0,0,2,0,2
"Primula veris L., 1753",115918,0,0,2,3,0,1
"Prunella vulgaris L., 1753",116012,0,0,1,3,0,0
"Prunus avium (L.) L., 1755",116043,0,3,2,3,0,2
"Prunus laurocerasus L., 1753",116089,0,2,2,2,0,1
"Prunus mahaleb L., 1753",116096,0,2,1,3,0,1
"Prunus padus L., 1753",116109,0,2,2,3,0,1
"Prunus spinosa L., 1753",116142,0,2,3,3,0,2
"Pseudotsuga menziesii (Mirb.) Franco, 1950",116216,0,2,1,2,0,1
"Pteridium aquilinum (L.) Kuhn, 1879",116265,1,1,3,3,0,2
"Pulicaria dysenterica (L.) Bernh., 1800",116392,0,0,0,3,0,0
"Pulmonaria affinis Jord., 1854",116407,0,0,0,1,0,0
"Pulmonaria australis (Murr) W.Sauer, 1975",116412,0,0,0,1,0,0
"Pulmonaria longifolia (Bastard) Boreau, 1857",116416,0,0,0,1,0,1
"Pulmonaria officinalis L., 1753",116422,0,0,0,2,0,1
"Pulsatilla vernalis (L.) Mill., 1768",116459,0,0,0,2,0,0
"Pulsatilla vulgaris Mill., 1768",116460,0,0,0,3,0,1
"Pyrola rotundifolia L., 1753",116547,0,0,0,3,0,0
"Pyrus communis L., 1753",116574,0,2,2,3,0,1
"Quercus ilex L., 1753 [nom. et typ. cons. prop.]",116704,0,2,3,3,0,1
"Quercus petraea (Matt.) Liebl., 1784",521658,0,2,2,3,0,1
"Quercus pubescens Willd., 1796 [nom. et typ. cons.]",116751,0,3,1,3,0,1
"Quercus pyrenaica Willd., 1805",116754,0,1,0,0,0,0
"Quercus robur L., 1753",116759,0,2,2,3,0,1
"Ramonda myconi (L.) Rchb., 1831",116876,0,0,0,1,0,1
"Ranunculus acris L., 1753",116903,0,0,0,3,0,1
"Ranunculus bulbosus L., 1753",116952,0,0,0,2,0,1
"Ranunculus repens L., 1753",117201,0,0,0,3,0,1
"Ranunculus sceleratus L., 1753",117224,0,0,0,3,0,1
"Reseda luteola L., 1753",117459,0,1,1,3,0,0
"Reynoutria japonica Houtt., 1777",117503,0,0,1,1,0,1
"Rhamnus cathartica L., 1753",117530,0,2,0,3,0,2
"Rhodiola rosea L., 1753",117668,0,0,0,2,0,1
"Rhododendron ferrugineum L., 1753",117679,0,1,0,3,0,1
"Rhus coriaria L., 1753",117712,0,1,2,3,0,1
"Ribes rubrum L., 1753",117774,0,1,2,3,0,1
"Ribes uva-crispa L., 1753",117787,0,1,2,3,0,2
"Ricinus communis L., 1753",117806,0,1,2,2,0,1
"Roemeria argemone (L.) C.Morales, R.Mend. & Romero García, 1988",117874,0,1,1,2,0,1
"Rosa arvensis Huds., 1762",118016,0,0,0,1,0,0
"Rosa canina L., 1753",118073,0,1,2,3,0,1
"Rosa pendulina L., 1753",118397,0,0,0,1,0,0
"Rubia peregrina L., 1753",118916,0,0,0,3,0,0
"Rubia tinctorum L., 1753",118920,0,1,0,2,0,1
"Rubus fruticosus L., 1753 [nom. et typ. cons.]",119097,0,0,1,2,0,0
"Rubus idaeus L., 1753",119149,0,0,3,3,0,1
"Rumex acetosa L., 1753 [nom. et typ. cons.]",119418,0,1,2,3,0,1
"Rumex acetosella L., 1753",119419,0,0,1,2,0,1
"Rumex alpinus L., 1753 [nom. et typ. cons.]",119435,0,1,1,3,0,1
"Rumex crispus L., 1753",119473,0,1,3,3,0,1
"Rumex obtusifolius L., 1753",119550,0,1,1,3,0,1
"Rumex patientia L., 1753",119558,0,0,2,2,0,0
"Ruscus aculeatus L., 1753",119698,1,1,4,4,1,1
"Sagittaria sagittifolia L., 1753",119860,0,0,1,3,0,2
"Salicornia europaea L., 1753",119881,0,1,3,2,0,1
"Salicornia fruticosa (L.) L., 1762",119883,0,0,1,0,0,0
"Salicornia perennis Mill., 1768",119892,0,0,1,0,0,0
"Salix alba L., 1753 [nom. et typ. cons.]",119915,0,2,1,2,0,1
"Salix caprea L., 1753",119977,0,3,0,2,0,1
"Salix myrsinifolia Salisb., 1796",120135,0,0,0,2,0,1
"Salix purpurea L., 1753",120189,0,2,0,3,1,2
"Salvia fruticosa Mill., 1768",120642,0,1,2,2,0,1
"Salvia glutinosa L., 1753",120643,0,0,1,2,0,0
"Salvia officinalis L., 1753",120678,0,1,3,3,0,1
"Salvia pratensis L., 1753",120685,0,0,1,2,0,1
"Salvia rosmarinus Spenn., 1835",1027822,0,1,3,3,0,2
"Sambucus ebulus L., 1753",120712,0,1,2,3,0,1
"Sambucus nigra L., 1753",120717,0,2,3,3,0,2
"Sambucus racemosa L., 1753",120720,0,2,2,3,0,1
"Sanguisorba officinalis L., 1753",120758,0,1,2,2,0,1
"Sanicula europaea L., 1753",120772,0,0,0,3,0,0
"Santolina chamaecyparissus L., 1753",120785,0,0,1,3,0,2
"Saponaria ocymoides L., 1753",120823,0,0,0,0,0,1
"Saponaria officinalis L., 1753",120824,0,0,0,3,0,2
"Satureja montana L., 1753",120908,0,1,3,2,0,2
"Saxifraga granulata L., 1753",121065,0,0,0,2,0,0
"Scabiosa columbaria L., 1753",121334,0,1,1,2,0,1
"Scandix pecten-veneris L., 1753",121449,0,0,1,1,0,0
"Scilla bifolia L., 1753",121606,0,0,0,2,0,1
"Scleranthus annuus L., 1753",121823,0,0,0,2,0,0
"Scrophularia auriculata L., 1753 [nom. et typ. cons.]",121999,0,0,0,2,0,1
"Scrophularia nodosa L., 1753",122028,0,0,0,3,0,1
"Scutellaria galericulata L., 1753",122069,0,0,0,3,0,0
"Sedum acre L., 1753",122101,0,0,1,3,0,1
"Sedum album L., 1753",122106,0,0,1,3,0,1
"Sedum cepaea L., 1753",122140,0,0,0,1,0,0
"Sempervivum arachnoideum L., 1753",122419,0,0,0,2,0,1
"Sempervivum montanum L., 1753",122467,0,0,0,1,0,1
"Sempervivum tectorum L., 1753",122493,0,0,1,3,0,1
"Senecio doronicum (L.) L., 1759",122593,0,0,0,1,0,0
"Senecio ovatus (G.Gaertn., B.Mey. & Scherb.) Willd., 1803",122675,0,0,0,1,0,0
"Senecio sylvaticus L., 1753",122726,0,0,0,2,0,0
"Senecio vulgaris L., 1753",122745,0,0,0,3,0,1
"Serratula tinctoria L., 1753",122971,0,0,0,3,0,0
"Sideritis hyssopifolia L., 1753",123258,0,0,1,1,0,0
"Silene vulgaris (Moench) Garcke, 1869",123683,0,0,1,2,0,0
"Silybum marianum (L.) Gaertn., 1791",123705,0,0,2,3,0,2
"Sinapis alba L., 1753",123711,0,0,3,3,0,2
"Sinapis arvensis L., 1753",123713,0,0,2,3,0,1
"Sisymbrium officinale (L.) Scop., 1772",123863,0,0,2,3,1,0
"Solanum dulcamara L., 1753",124034,0,1,0,3,0,1
"Solanum nigrum L., 1753",124080,0,0,1,3,1,0
"Soldanella alpina L., 1753",124139,0,0,0,1,0,0
"Solidago canadensis L., 1753",124164,0,0,1,2,0,1
"Solidago gigantea Aiton, 1789",124168,0,0,0,2,0,1
"Solidago virgaurea L., 1753",124205,0,0,2,3,0,0
"Sonchus arvensis L., 1753",124232,0,0,2,2,0,1
"Sonchus asper (L.) Hill, 1769",124233,0,1,1,2,0,1
"Sorbus aucuparia L., 1753",124308,0,3,3,3,0,1
"Spartium junceum L., 1753",124453,0,2,1,3,0,2
"Spergula arvensis L., 1753",124499,0,0,1,2,0,1
"Spergularia rubra (L.) J.Presl & C.Presl, 1819",124578,0,0,0,3,0,1
"Stachys annua (L.) L., 1763",124741,0,0,0,1,0,0
"Stachys arvensis (L.) L., 1763",124744,0,0,0,2,0,1
"Stachys palustris L., 1753",124798,0,0,0,2,0,1
"Stachys sylvatica L., 1753",124814,0,0,1,3,0,0
"Stellaria aquatica (L.) Scop., 1771",124970,0,0,0,2,0,1
"Stellaria media (L.) Vill., 1789",125014,0,1,2,3,0,1
"Succisa pratensis Moench, 1794",125295,0,1,0,3,0,1
"Symphoricarpos albus (L.) S.F.Blake, 1914",125324,0,0,0,1,0,1
"Symphytum officinale L., 1753",125355,0,1,3,3,0,1
"Tamarix gallica L., 1753",125426,0,2,1,3,1,1
"Tanacetum parthenium (L.) Sch.Bip., 1844",125469,0,1,2,3,0,1
"Tanacetum vulgare L., 1753",125474,0,1,2,2,0,1
"Taraxacum dens-leonis Desf., 1799",125568,0,0,1,1,0,1
"Taraxacum officinale F.H.Wigg., 1780",717630,0,0,3,3,0,2
"Taxus baccata L., 1753",125816,0,3,3,3,0,1
"Teucrium chamaedrys L., 1753",125981,0,0,0,3,0,1
"Teucrium marum L., 1753",126006,0,0,0,3,0,1
"Teucrium montanum L., 1753",126008,0,0,0,2,0,0
"Teucrium polium L., 1753",126019,0,0,1,1,0,1
"Teucrium scorodonia L., 1753",126035,0,0,1,3,0,0
"Thymus serpyllum L., 1753",126573,0,1,2,3,0,1
"Thymus vulgaris L., 1753",126582,0,1,2,3,0,2
"Tilia cordata Mill., 1768",126628,0,2,2,3,0,1
"Tilia platyphyllos Scop., 1771 [nom. et typ. cons.]",126650,0,3,2,3,0,2
"Tragopogon pratensis L., 1753",127029,0,0,1,3,0,1
"Tribulus terrestris L., 1753",127131,0,0,1,3,0,1
"Trifolium alpinum L., 1753",127219,0,0,0,2,0,1
"Trifolium arvense L., 1753",127230,0,0,0,2,0,2
"Trifolium pratense L., 1753",127439,0,0,3,2,1,2
"Trollius europaeus L., 1753",127872,0,0,0,3,0,1
"Tussilago farfara L., 1753",128042,0,0,3,3,1,2
"Typha latifolia L., 1753",128077,0,2,2,3,1,1
"Ulmus minor Mill., 1768",128175,0,1,0,2,0,1
"Umbilicus rupestris (Salisb.) Dandy, 1948",128215,0,0,1,3,0,1
"Urtica dioica L., 1753",128268,0,2,3,3,0,3
"Urtica urens L., 1753",128298,0,0,1,3,0,1
"Vaccinium myrtillus L., 1753",128345,1,1,4,4,0,2
"Vaccinium vitis-idaea L., 1753",128355,1,0,4,4,1,1
"Valeriana celtica L., 1753",128391,0,0,0,2,0,0
"Valeriana montana L., 1753",128416,0,0,0,1,0,0
"Valeriana officinalis L., 1753",128419,0,1,2,3,0,2
"Valerianella locusta (L.) Laterr., 1821",128476,0,0,2,2,0,1
"Veratrum album L., 1753",128520,0,0,0,3,0,1
"Verbascum densiflorum Bertol., 1810",128567,0,0,0,3,0,1
"Verbascum nigrum L., 1753",128615,0,0,0,3,0,1
"Verbascum thapsus L., 1753",128660,0,1,1,3,0,0
"Verbena officinalis L., 1753",128754,0,1,3,3,0,2
"Veronica beccabunga L., 1753",128808,0,1,1,3,0,1
"Veronica chamaedrys L., 1753",128832,0,0,1,3,0,0
"Veronica officinalis L., 1753",128938,0,0,2,3,0,0
"Viburnum lantana L., 1753",129083,0,2,0,2,0,2
"Viburnum opulus L., 1753",129087,0,2,1,3,0,1
"Vinca major L., 1753",129468,0,0,0,3,0,2
"Vinca minor L., 1753",129470,0,0,0,3,0,1
"Vincetoxicum hirundinaria Medik., 1790",129477,0,0,0,3,0,1
"Viola arvensis Murray, 1770",129506,0,0,0,1,0,0
"Viola biflora L., 1753",129520,0,0,1,2,0,0
"Viola calcarata L., 1753",129527,0,0,0,1,0,0
"Viola canina L., 1753",129529,0,0,1,3,0,0
"Viola collina Besser, 1816",129539,0,0,1,0,0,0
"Viola lutea Huds., 1762",129614,0,0,0,1,0,0
"Viola odorata L., 1753",129632,0,1,3,3,0,1
"Viola palustris L., 1753",129639,0,0,0,2,0,0
"Viola reichenbachiana Jord. ex Boreau, 1857",129666,0,0,0,2,0,0
"Viola rupestris F.W.Schmidt, 1791",129674,0,0,0,1,0,0
"Viola tricolor L., 1753",129723,0,0,2,3,0,1
"Viscum album L., 1753",129906,0,1,0,4,1,2
"Visnaga daucoides Gaertn., 1788",129910,0,1,0,2,0,2
"Xanthium spinosum L., 1753",130491,0,0,0,3,0,1
"Xanthium strumarium L., 1753",130492,0,1,1,3,0,1
"Ziziphus jujuba Mill., 1768 [nom. cons.]",162352,0,2,3,3,0,1
