ORIGIN_USE,DETAIL_ORIGIN_USE,ORIGIN_TYPOLOGY,SELECTED_TYPOLOGY_FR,DETAIL_SELECTED_TYPOLOGY_FR,SELECTED_TYPOLOGY_ENG,DETAIL_SELECTED_TYPOLOGY_ENG
AnimalFood,,KEW World Checklist of Useful Plant Species,Autre,non précisé,Other,not specified
EnvironmentalUses,,KEW World Checklist of Useful Plant Species,Autre,non précisé,Other,not specified
Fuels,,KEW World Checklist of Useful Plant Species,Autre,non précisé,Other,not specified
GeneSources,,KEW World Checklist of Useful Plant Species,Autre,non précisé,Other,not specified
HumanFood,,KEW World Checklist of Useful Plant Species,Alimentaire et boissons ,"confitures, confiserie, arômes, colorants, condiments, liqueurs, infusions...",Food and Beverages,"jams, confectionery, flavors, colorants, condiments, liqueurs, infusions..."
InvertebrateFood,,KEW World Checklist of Useful Plant Species,Autre,non précisé,Other,not specified
Materials,,KEW World Checklist of Useful Plant Species,Artisanat,"vannerie, tannage, teinture, construction...",Crafts,"basketry, tanning, dyeing, construction..."
Medicines,,KEW World Checklist of Useful Plant Species,Médical/thérapeutique,"médicaments, aromathérapie, homéopathie, vétérinaire...",Medical/Therapeutic,"medications, aromatherapy, homeopathy, veterinary..."
Poisons,,KEW World Checklist of Useful Plant Species,Autre,non précisé,Other,not specified
SocialUses,,KEW World Checklist of Useful Plant Species,Autre,non précisé,Other,not specified
divers,,Référentiel usages Laurence Chabert CBNMED,Autre,non précisé,Other,not specified
alimentaire,,Référentiel usages Laurence Chabert CBNMED,Alimentaire et boissons ,"confitures, confiserie, arômes, colorants, condiments, liqueurs, infusions...",Food and Beverages,"jams, confectionery, flavors, colorants, condiments, liqueurs, infusions..."
artisanat,,Référentiel usages Laurence Chabert CBNMED,Artisanat,"vannerie, tannage, teinture, construction...",Crafts,"basketry, tanning, dyeing, construction..."
medical,,Référentiel usages Laurence Chabert CBNMED,Médical/thérapeutique,"médicaments, aromathérapie, homéopathie, vétérinaire...",Medical/Therapeutic,"medications, aromatherapy, homeopathy, veterinary..."
parfumerie,,Référentiel usages Laurence Chabert CBNMED,Cosmétique,"parfums, crèmes, shampoings...",Cosmetics,"perfumes, creams, shampoos..."
cultivable,,Référentiel usages Laurence Chabert CBNMED,Autre,non précisé,Other,not specified
cosmetique,,Référentiel usages Laurence Chabert CBNMED,Cosmétique,"parfums, crèmes, shampoings...",Cosmetics,"perfumes, creams, shampoos..."
menager,,Référentiel usages Laurence Chabert CBNMED,Autre,non précisé,Other,not specified
agricole,,Référentiel usages Laurence Chabert CBNMED,Autre,non précisé,Other,not specified
RD,"Recherche : Bio prospection, développement, expérimental",CBN,Autre,non précisé,Other,not specified
AL,"Transformation alimentaire : Préparations alimentaires, condiments, humains ou vétérinaires",CBN,Alimentaire et boissons ,"confitures, confiserie, arômes, colorants, condiments, liqueurs, infusions...",Food and Beverages,"jams, confectionery, flavors, colorants, condiments, liqueurs, infusions..."
DI,Liquoristerie,CBN,Alimentaire et boissons ,"confitures, confiserie, arômes, colorants, condiments, liqueurs, infusions...",Food and Beverages,"jams, confectionery, flavors, colorants, condiments, liqueurs, infusions..."
FA,"Fabrication : Vannerie, tournage sur bois",CBN,Artisanat,"vannerie, tannage, teinture, construction...",Crafts,"basketry, tanning, dyeing, construction..."
PH,"Pharmacie/médicinal : Médicaments, phytothérapie humaine ou vétérinaire",CBN,Médical/thérapeutique,"médicaments, aromathérapie, homéopathie, vétérinaire...",Medical/Therapeutic,"medications, aromatherapy, homeopathy, veterinary..."
PA,Parfumerie,CBN,Cosmétique,"parfums, crèmes, shampoings...",Cosmetics,"perfumes, creams, shampoos..."
CO,"Cosmétique : Produits de beauté (savons, crèmes…)",CBN,Cosmétique,"parfums, crèmes, shampoings...",Cosmetics,"perfumes, creams, shampoos..."
AR,Aromathérapie : Huiles essentielles,CBN,Cosmétique,"parfums, crèmes, shampoings...",Cosmetics,"perfumes, creams, shampoos..."
AR,Aromathérapie : Huiles essentielles,CBN,Médical/thérapeutique,"médicaments, aromathérapie, homéopathie, vétérinaire...",Medical/Therapeutic,"medications, aromatherapy, homeopathy, veterinary..."
CH,"Chimie : Peintures, solvants, colles, engrais",CBN,Artisanat,"vannerie, tannage, teinture, construction...",Crafts,"basketry, tanning, dyeing, construction..."
CH,"Chimie : Peintures, solvants, colles, engrais",CBN,Autre,non précisé,Other,not specified
HE,Herboristerie : Plantes sèches,CBN,Cosmétique,"parfums, crèmes, shampoings...",Cosmetics,"perfumes, creams, shampoos..."
HE,Herboristerie : Plantes sèches,CBN,Médical/thérapeutique,"médicaments, aromathérapie, homéopathie, vétérinaire...",Medical/Therapeutic,"medications, aromatherapy, homeopathy, veterinary..."
HE,Herboristerie : Plantes sèches,CBN,Alimentaire et boissons ,"confitures, confiserie, arômes, colorants, condiments, liqueurs, infusions...",Food and Beverages,"jams, confectionery, flavors, colorants, condiments, liqueurs, infusions..."
OR,"Ornementation : Décoration, horticulture, bouquets",CBN,Plantes ornementales,"plants, bulbes, boutures, parties de plantes...",Ornamental Plants,"seedlings, bulbs, cuttings, plant parts..."
TE,Teinture : Teinturerie,CBN,Artisanat,"vannerie, tannage, teinture, construction...",Crafts,"basketry, tanning, dyeing, construction..."
Insulation ,"Building Materials - Providing insulation against extremes of temperature, sound or electricity. ( 38 )",PFAF,Artisanat,"vannerie, tannage, teinture, construction...",Crafts,"basketry, tanning, dyeing, construction..."
Pipes ,Building Materials - For carrying water etc. ( 13 ),PFAF,Artisanat,"vannerie, tannage, teinture, construction...",Crafts,"basketry, tanning, dyeing, construction..."
Pitch ,"Building Materials - Used for waterproofing, in paints etc. ( 12 )",PFAF,Artisanat,"vannerie, tannage, teinture, construction...",Crafts,"basketry, tanning, dyeing, construction..."
Plaster ,Building Materials - Used for covering walls. ( 8 ),PFAF,Artisanat,"vannerie, tannage, teinture, construction...",Crafts,"basketry, tanning, dyeing, construction..."
Roofing ,Building Materials - Used to give a waterproof roof to buildings. See also Thatching. ( 30 ),PFAF,Artisanat,"vannerie, tannage, teinture, construction...",Crafts,"basketry, tanning, dyeing, construction..."
Thatching ,Building Materials - Used for making thatched roofs. ( 117 ),PFAF,Artisanat,"vannerie, tannage, teinture, construction...",Crafts,"basketry, tanning, dyeing, construction..."
Buttons ,Clothing - Plants that can be used as buttons. Not including making buttons from wood. ( 18 ),PFAF,Artisanat,"vannerie, tannage, teinture, construction...",Crafts,"basketry, tanning, dyeing, construction..."
Darning ball  ,Clothing - (1),PFAF,Artisanat,"vannerie, tannage, teinture, construction...",Crafts,"basketry, tanning, dyeing, construction..."
Fibre ,"Clothing - Used for making cloth, rope, paper etc. ( 418 )",PFAF,Artisanat,"vannerie, tannage, teinture, construction...",Crafts,"basketry, tanning, dyeing, construction..."
Latex ,Clothing - A source of rubber. ( 105 ),PFAF,Artisanat,"vannerie, tannage, teinture, construction...",Crafts,"basketry, tanning, dyeing, construction..."
Leather ,"Clothing - Substitutes, that is. ( 3 )",PFAF,Artisanat,"vannerie, tannage, teinture, construction...",Crafts,"basketry, tanning, dyeing, construction..."
Needles ,"Clothing - Used for sewing, darning etc. ( 15 )",PFAF,Artisanat,"vannerie, tannage, teinture, construction...",Crafts,"basketry, tanning, dyeing, construction..."
Pins ,"Clothing - Used as needles and pins in sewing etc. Also used to lance boils, extract splinters from the skin etc. ( 5 )",PFAF,Artisanat,"vannerie, tannage, teinture, construction...",Crafts,"basketry, tanning, dyeing, construction..."
Raffia ,Clothing - A substitute for that material. ( 3 ),PFAF,Artisanat,"vannerie, tannage, teinture, construction...",Crafts,"basketry, tanning, dyeing, construction..."
Starch ,Clothing - Used as a fabric stiffener. ( 29 ),PFAF,Artisanat,"vannerie, tannage, teinture, construction...",Crafts,"basketry, tanning, dyeing, construction..."
Stuffing ,"Clothing - Used in making soft toys, mattresses, pillows etc. ( 62 )",PFAF,Artisanat,"vannerie, tannage, teinture, construction...",Crafts,"basketry, tanning, dyeing, construction..."
Tannin ,"Clothing - An astringent substance obtaied from plants, it is used medicinally, as a dye and mordant, stabilizer in pesticide etc. ( 397 )",PFAF,Artisanat,"vannerie, tannage, teinture, construction...",Crafts,"basketry, tanning, dyeing, construction..."
Weaving ,"Clothing - Items such as grass and palm leaves that are woven together for making mats, baskets etc. See also Basket making and Fibre. ( 140 )",PFAF,Artisanat,"vannerie, tannage, teinture, construction...",Crafts,"basketry, tanning, dyeing, construction..."
Blotting paper,"Dyes, paints, inks and paper - Plant that can be used to make blotting paper. ( 1 )",PFAF,Artisanat,"vannerie, tannage, teinture, construction...",Crafts,"basketry, tanning, dyeing, construction..."
Dye ,"Dyes, paints, inks and paper - Plants that provide dyes. ( 1300 )",PFAF,Artisanat,"vannerie, tannage, teinture, construction...",Crafts,"basketry, tanning, dyeing, construction..."
Ink ,"Dyes, paints, inks and paper - Plants that can be used as an ink. ( 63 )",PFAF,Artisanat,"vannerie, tannage, teinture, construction...",Crafts,"basketry, tanning, dyeing, construction..."
Mordant ,"Dyes, paints, inks and paper - Used for making a dye more permanent, it also affects the colour of the dye. ( 62 )",PFAF,Artisanat,"vannerie, tannage, teinture, construction...",Crafts,"basketry, tanning, dyeing, construction..."
Paint ,"Dyes, paints, inks and paper - Plants used directly as a paint. Does not include oil plants and dyes that can be used as ingredients in paints. ( 31 )",PFAF,Artisanat,"vannerie, tannage, teinture, construction...",Crafts,"basketry, tanning, dyeing, construction..."
Paper ,"Dyes, paints, inks and paper - Related to the entry for Fibre, these plants have been specifically mentioned for paper making. ( 235 )",PFAF,Artisanat,"vannerie, tannage, teinture, construction...",Crafts,"basketry, tanning, dyeing, construction..."
Pencil ,"Dyes, paints, inks and paper - A couple of plants especially mentioned for making the tubes that pencil leads fit into. ( 3 )",PFAF,Artisanat,"vannerie, tannage, teinture, construction...",Crafts,"basketry, tanning, dyeing, construction..."
Size ,"Dyes, paints, inks and paper - Used on materials, paper etc to give a surface that will take ink, dyes etc. ( 14 )",PFAF,Artisanat,"vannerie, tannage, teinture, construction...",Crafts,"basketry, tanning, dyeing, construction..."
Compost ,"Fertilisers - Plants used for activating compost heaps, providing biomass for composting, using as instant compost etc. ( 60 )",PFAF,Autre,non précisé,Other,not specified
Fertilizer ,Fertilisers - Provides a concentrated solid plant food. ( 22 ),PFAF,Autre,non précisé,Other,not specified
Green manure,Fertilisers - Fast-growing plants that can be used to increase the fertility of the soil. ( 109 ),PFAF,Autre,non précisé,Other,not specified
Liquid feed,Fertilisers - Plants that can be used to make a liquid fertilizer. ( 29 ),PFAF,Autre,non précisé,Other,not specified
Potash ,"Fertilisers - Used for making glass, soap and as a fertilizer. ( 21 )",PFAF,Autre,non précisé,Other,not specified
Alcohol ,"Fire and lighting - Used for fuel etc. (this is wood alcohol, it is not the sort that can be drunk. ( 15 )",PFAF,Autre,non précisé,Other,not specified
Biomass ,Fire and lighting - Provides a large quantity of plant material that can be converted into fuel etc. ( 138 ),PFAF,Autre,non précisé,Other,not specified
Charcoal ,"Fire and lighting - Used for fuel, drawing, deodorant, filter, fertilizer etc. ( 209 )",PFAF,Autre,non précisé,Other,not specified
Friction sticks,Fire and lighting - Used for starting fires when there are no matches. ( 8 ),PFAF,Autre,non précisé,Other,not specified
Fuel ,"Fire and lighting - Usually wood, plant materials that have been mentioned as being a good fuel. ( 471 )",PFAF,Autre,non précisé,Other,not specified
Kindling ,Fire and lighting - Plant material that burns easily and can be used for starting fires. ( 6 ),PFAF,Autre,non précisé,Other,not specified
Lighting ,Fire and lighting - Plants that can be used as torches etc. See also Oil and Wax. ( 69 ),PFAF,Autre,non précisé,Other,not specified
Oil ,"Fire and lighting - Vegetable oils have many uses, as lubricants, lighting, soap and paint making, waterproofing etc. This does not include the edible oils unless they are also mentioned as having other uses. ( 713 )",PFAF,Autre,non précisé,Other,not specified
Tinder ,Fire and lighting - Used for starting fires. See also Kindling. ( 57 ),PFAF,Autre,non précisé,Other,not specified
Wax ,Fire and lighting - Used for making candles etc. ( 29 ),PFAF,Autre,non précisé,Other,not specified
Wick ,"Fire and lighting - Used as a wick for candles, lamps etc. ( 13 )",PFAF,Autre,non précisé,Other,not specified
Baby care,In the bathroom - Various plants that can be used in place of items such as nappies. ( 14 ),PFAF,Artisanat,"vannerie, tannage, teinture, construction...",Crafts,"basketry, tanning, dyeing, construction..."
Cleanser ,In the bathroom - For various materials. Perhaps best included under separate headings. ( 22 ),PFAF,Autre,non précisé,Other,not specified
Cosmetic ,In the bathroom - Used to improve the physical appearence of a person. ( 151 ),PFAF,Cosmétique,"parfums, crèmes, shampoings...",Cosmetics,"perfumes, creams, shampoos..."
Cotton wool,In the bathroom - Plants that can be used as substitutes for cotton wool. ( 2 ),PFAF,Cosmétique,"parfums, crèmes, shampoings...",Cosmetics,"perfumes, creams, shampoos..."
Deodorant ,In the bathroom - A pleasant smelling plant that is used on the body to mask the human smell. ( 38 ),PFAF,Cosmétique,"parfums, crèmes, shampoings...",Cosmetics,"perfumes, creams, shampoos..."
Disinfectant ,In the bathroom - Plants used for disinfecting. ( 63 ),PFAF,Médical/thérapeutique,"médicaments, aromathérapie, homéopathie, vétérinaire...",Medical/Therapeutic,"medications, aromatherapy, homeopathy, veterinary..."
Essential ,"In the bathroom - Essential oils that are used in perfumery, medicines, paint solvents, insect repellents etc. ( 357 )",PFAF,Cosmétique,"parfums, crèmes, shampoings...",Cosmetics,"perfumes, creams, shampoos..."
Essential ,"In the bathroom - Essential oils that are used in perfumery, medicines, paint solvents, insect repellents etc. ( 357 )",PFAF,Médical/thérapeutique,"médicaments, aromathérapie, homéopathie, vétérinaire...",Medical/Therapeutic,"medications, aromatherapy, homeopathy, veterinary..."
Hair ,"In the bathroom - Plants used as hair shampoos, tonics, to treat balding etc. ( 181 )",PFAF,Cosmétique,"parfums, crèmes, shampoings...",Cosmetics,"perfumes, creams, shampoos..."
Resin ,"In the bathroom - Used in perfumery, medicines, paints, soap making etc. This also includes turpentine, which is extracted from many resins and used as a preservative, water proofer etc, ( 131 )",PFAF,Autre,non précisé,Other,not specified
Soap ,In the bathroom - Plants used directly as a soap substitute. ( 152 ),PFAF,Cosmétique,"parfums, crèmes, shampoings...",Cosmetics,"perfumes, creams, shampoos..."
Soap making,"In the bathroom - Plants used as an ingredient in making soaps. Does not include the essential oils, dyes and oils that are also used in making soap. ( 83 )",PFAF,Cosmétique,"parfums, crèmes, shampoings...",Cosmetics,"perfumes, creams, shampoos..."
Teeth ,In the bathroom - Plants used to clean and care for the teeth. ( 90 ),PFAF,Cosmétique,"parfums, crèmes, shampoings...",Cosmetics,"perfumes, creams, shampoos..."
Fencing ,In the Garden - Plants that can be used for fencing. ( 108 ),PFAF,Autre,non précisé,Other,not specified
Fire retardant,In the Garden - Plants that do not easily burn and can be used in barrier plantings to limit the spread of forest fires. ( 17 ),PFAF,Autre,non précisé,Other,not specified
Hedge ,In the Garden - Plants that can be grown as hedges. ( 885 ),PFAF,Plantes ornementales,"plants, bulbes, boutures, parties de plantes...",Ornamental Plants,"seedlings, bulbs, cuttings, plant parts..."
Mulch ,In the Garden - Used for covering the ground to conserve the nutrients in the soil. ( 92 ),PFAF,Plantes ornementales,"plants, bulbes, boutures, parties de plantes...",Ornamental Plants,"seedlings, bulbs, cuttings, plant parts..."
Pioneer ,"In the Garden - Plants, usually trees and shrubs, that can be used to reforest land. ( 131 )",PFAF,Plantes ornementales,"plants, bulbes, boutures, parties de plantes...",Ornamental Plants,"seedlings, bulbs, cuttings, plant parts..."
Plant breeding,In the Garden - Used in producing new species of plants or improved varieties. ( 16 ),PFAF,Plantes ornementales,"plants, bulbes, boutures, parties de plantes...",Ornamental Plants,"seedlings, bulbs, cuttings, plant parts..."
Plant support,"In the Garden - Usually bamboos, used as canes in the garden for holding up plants. ( 56 )",PFAF,Plantes ornementales,"plants, bulbes, boutures, parties de plantes...",Ornamental Plants,"seedlings, bulbs, cuttings, plant parts..."
Rooting hormone,In the Garden - Substances that can be used to promote the production of roots in plant cuttings. ( 19 ),PFAF,Plantes ornementales,"plants, bulbes, boutures, parties de plantes...",Ornamental Plants,"seedlings, bulbs, cuttings, plant parts..."
Rootstock ,In the Garden - Plants used as the rootstock for grafting scions onto. ( 80 ),PFAF,Plantes ornementales,"plants, bulbes, boutures, parties de plantes...",Ornamental Plants,"seedlings, bulbs, cuttings, plant parts..."
Shelterbelt ,In the Garden - Wind resistant plants than can be grown to provide shelter in the garden etc. ( 191 ),PFAF,Plantes ornementales,"plants, bulbes, boutures, parties de plantes...",Ornamental Plants,"seedlings, bulbs, cuttings, plant parts..."
Soil conditioner,In the Garden - Plants grown to improve the structure of the soil. See also Green manures. ( 84 ),PFAF,Plantes ornementales,"plants, bulbes, boutures, parties de plantes...",Ornamental Plants,"seedlings, bulbs, cuttings, plant parts..."
Soil reclamation,In the Garden - Plants that can be grown in such circumstances an the spoil tips of mines in order to restore fertility. ( 81 ),PFAF,Plantes ornementales,"plants, bulbes, boutures, parties de plantes...",Ornamental Plants,"seedlings, bulbs, cuttings, plant parts..."
Soil stabilization,"In the Garden - Plants that can be grown in places such as sand dunes in order to prevent erosion by wind, water or other agents. ( 349 )",PFAF,Plantes ornementales,"plants, bulbes, boutures, parties de plantes...",Ornamental Plants,"seedlings, bulbs, cuttings, plant parts..."
Companion ,In the Garden - Companion planting is the careful placement of plants (especially vegetables and herbs) which have been shown to have beneficial effects on one another. ( 43 ),PFAF,Plantes ornementales,"plants, bulbes, boutures, parties de plantes...",Ornamental Plants,"seedlings, bulbs, cuttings, plant parts..."
Fodder ,In the Garden - Food given to the animals (including plants cut and carried to them) rather than forage for themselves. ( 192 ),PFAF,Autre,non précisé,Other,not specified
Bedding ,In the home - Used as a lining for sleeping on or putting fruits etc on. ( 20 ),PFAF,Autre,non précisé,Other,not specified
Besom ,In the home - A type of broom. ( 5 ),PFAF,Autre,non précisé,Other,not specified
Brush ,"In the home - Used for cleaning clothes, as a paintbrush etc. ( 26 )",PFAF,Autre,non précisé,Other,not specified
Incense ,"In the home - Aromatic plants that can be burnt to impart a pleasant smell, repel insects and disinfect closed areas. ( 103 )",PFAF,Autre,non précisé,Other,not specified
Lining ,"In the home - Used for lining boxes, baskets etc so that fragile items can be more safely carried in them. ( 10 )",PFAF,Autre,non précisé,Other,not specified
Packing ,In the home - Used as a filler in boxes etc in order to protect the contents. ( 17 ),PFAF,Autre,non précisé,Other,not specified
Porcelain ,In the home - (2),PFAF,Artisanat,"vannerie, tannage, teinture, construction...",Crafts,"basketry, tanning, dyeing, construction..."
Pot-pourri ,In the home - Aromatic plants used to impart a pleasant smell to an area. Can this be grouped with incense or essential oil? ( 51 ),PFAF,Autre,non précisé,Other,not specified
Scourer ,"In the home - Used for cleaning pots, pans, plates etc. ( 11 )",PFAF,Autre,non précisé,Other,not specified
Strewing ,"In the home - Plants, usually aromatic, that are strewn on the floor to give a nice smell, repel insects etc. ( 50 )",PFAF,Autre,non précisé,Other,not specified
String ,In the home - Plants that can be used for string or can be easily made into a string. See also Fibre. Plants for ropes may be included. ( 132 ),PFAF,Artisanat,"vannerie, tannage, teinture, construction...",Crafts,"basketry, tanning, dyeing, construction..."
Cut flowers,In the home - Cut flowers are flowers or flower buds (often with some stem and leaf) for decorative use. ( 4 ),PFAF,Plantes ornementales,"plants, bulbes, boutures, parties de plantes...",Ornamental Plants,"seedlings, bulbs, cuttings, plant parts..."
Houseplant ,In the home - A plant grown indoors for decorative purposes. ( 20 ),PFAF,Plantes ornementales,"plants, bulbes, boutures, parties de plantes...",Ornamental Plants,"seedlings, bulbs, cuttings, plant parts..."
Bottles ,In the kitchen - Plants that can be used as bottles. ( 1 ),PFAF,Autre,non précisé,Other,not specified
Containers ,"In the kitchen - Plants, such as gourds, that can be used as containers. Does not include baskets or containers made from wood. ( 114 )",PFAF,Autre,non précisé,Other,not specified
Cork ,"In the kitchen - Including any plants used as a cork substitute. Cork is used for insulation (sound or heat), fire-retardant, bottle stops etc. ( 16 )",PFAF,Autre,non précisé,Other,not specified
Filter ,In the kitchen - Used to strain out particles from liquids. ( 20 ),PFAF,Autre,non précisé,Other,not specified
Fruit ripening,In the kitchen - Substances that promote the premature or rapid ripening of fruits. ( 3 ),PFAF,Autre,non précisé,Other,not specified
Gum ,"In the kitchen - Gums have a wide range of uses, especially as stabilizers, emulsifiers, thickening agents, adhesives etc. ( 285 )",PFAF,Alimentaire et boissons ,"confitures, confiserie, arômes, colorants, condiments, liqueurs, infusions...",Food and Beverages,"jams, confectionery, flavors, colorants, condiments, liqueurs, infusions..."
Pectin ,In the kitchen - A substance that is used to thicken jams etc and as a culture medium in laboratories. ( 23 ),PFAF,Alimentaire et boissons ,"confitures, confiserie, arômes, colorants, condiments, liqueurs, infusions...",Food and Beverages,"jams, confectionery, flavors, colorants, condiments, liqueurs, infusions..."
Straw ,In the kitchen - For drinking with. ( 19 ),PFAF,Autre,non précisé,Other,not specified
Waxed paper,In the kitchen - Substitutes that is. ( 1 ),PFAF,Autre,non précisé,Other,not specified
Broom ,Other Uses - Used for sweeping the floor etc. ( 54 ),PFAF,Autre,non précisé,Other,not specified
Litmus ,,PFAF,Autre,non précisé,Other,not specified
Microscope ,Other Uses - (6),PFAF,Autre,non précisé,Other,not specified
Miscellany ,Other Uses - A rag-bag of items that are difficult to categorise. ( 263 ),PFAF,Autre,non précisé,Other,not specified
Musical ,Other Uses - Specific mention of plants used as musical instruments. Does not include the various woods that can be used for making musical instruments. ( 35 ),PFAF,Autre,non précisé,Other,not specified
Pollution ,Other Uses - Plants used to combat pollution. ( 19 ),PFAF,Autre,non précisé,Other,not specified
Repellent ,"Other Uses - Plants that are said to deter but not necessarily kill various mammals, birds, insects etc. ( 477 )",PFAF,Autre,non précisé,Other,not specified
Weather forecasting,Other Uses - A few plants that are supposed to help us forecast the weather. ( 6 ),PFAF,Autre,non précisé,Other,not specified
Weather protection,Other Uses - Plants that can be used to give the body protection from severe weather. ( 7 ),PFAF,Autre,non précisé,Other,not specified
Fungicide ,"Pesticides - Arrests the growth of, or kills, fungi. ( 36 )",PFAF,Autre,non précisé,Other,not specified
Herbicide ,Pesticides - Plants or plant extracts that can inhibit the growth of other plants. ( 88 ),PFAF,Autre,non précisé,Other,not specified
Insecticide ,Pesticides - Kills insects. ( 233 ),PFAF,Autre,non précisé,Other,not specified
Parasiticide ,Pesticides - Kills external body parasites such as hair lice. ( 195 ),PFAF,Autre,non précisé,Other,not specified
Adhesive ,Woodwork and other crafts - Glues. ( 93 ),PFAF,Artisanat,"vannerie, tannage, teinture, construction...",Crafts,"basketry, tanning, dyeing, construction..."
Basketry ,Woodwork and other crafts - Plant used in making baskets and other items such as chairs. Includes plants that are only used as an ornamental addition. ( 264 ),PFAF,Artisanat,"vannerie, tannage, teinture, construction...",Crafts,"basketry, tanning, dyeing, construction..."
Beads ,Woodwork and other crafts - Used as necklaces etc. ( 44 ),PFAF,Artisanat,"vannerie, tannage, teinture, construction...",Crafts,"basketry, tanning, dyeing, construction..."
Furniture ,Woodwork and other crafts - A few miscellaneous uses that do not fit easily into other headings. ( 247 ),PFAF,Artisanat,"vannerie, tannage, teinture, construction...",Crafts,"basketry, tanning, dyeing, construction..."
Lacquer ,Woodwork and other crafts - A type of varnish. ( 18 ),PFAF,Artisanat,"vannerie, tannage, teinture, construction...",Crafts,"basketry, tanning, dyeing, construction..."
Nails ,Woodwork and other crafts - A few woods are tough enough to be used in place of metal nails in certain circumstances. ( 6 ),PFAF,Artisanat,"vannerie, tannage, teinture, construction...",Crafts,"basketry, tanning, dyeing, construction..."
Polish ,"Woodwork and other crafts - Plants used to give a shine to metals, wood etc. ( 27 )",PFAF,Artisanat,"vannerie, tannage, teinture, construction...",Crafts,"basketry, tanning, dyeing, construction..."
Preservative ,"Woodwork and other crafts - For food, or for treating wood, ropes etc. ( 53 )",PFAF,Artisanat,"vannerie, tannage, teinture, construction...",Crafts,"basketry, tanning, dyeing, construction..."
Rust ,Woodwork and other crafts - Plants that can be used to prevent or treat rust. ( 10 ),PFAF,Artisanat,"vannerie, tannage, teinture, construction...",Crafts,"basketry, tanning, dyeing, construction..."
Sandpaper ,Woodwork and other crafts - Plants used to smooth rough wooden surfaces by means of abrasion. ( 9 ),PFAF,Artisanat,"vannerie, tannage, teinture, construction...",Crafts,"basketry, tanning, dyeing, construction..."
Varnish ,Woodwork and other crafts - Plants that can be used as a varnish without any special treatment. Does not include varnishes made from oils etc. ( 52 ),PFAF,Artisanat,"vannerie, tannage, teinture, construction...",Crafts,"basketry, tanning, dyeing, construction..."
Waterproofing,Woodwork and other crafts - Does what it says. See also Pitch and Oil. ( 59 ),PFAF,Artisanat,"vannerie, tannage, teinture, construction...",Crafts,"basketry, tanning, dyeing, construction..."
Wood,Woodwork and other crafts - A list of the trees and shrubs that are noted for having useful wood. ( 1431 ),PFAF,Artisanat,"vannerie, tannage, teinture, construction...",Crafts,"basketry, tanning, dyeing, construction..."
Chocolate,"Edible uses - Substitutes for chocolate, that is. ( 15 )",PFAF,Alimentaire et boissons ,"confitures, confiserie, arômes, colorants, condiments, liqueurs, infusions...",Food and Beverages,"jams, confectionery, flavors, colorants, condiments, liqueurs, infusions..."
Coffee,Edible uses - The various substitutes that can be used instead of coffee. ( 254 ),PFAF,Alimentaire et boissons ,"confitures, confiserie, arômes, colorants, condiments, liqueurs, infusions...",Food and Beverages,"jams, confectionery, flavors, colorants, condiments, liqueurs, infusions..."
Colouring,Edible uses - Edible dyes ( 62 ),PFAF,Alimentaire et boissons ,"confitures, confiserie, arômes, colorants, condiments, liqueurs, infusions...",Food and Beverages,"jams, confectionery, flavors, colorants, condiments, liqueurs, infusions..."
Condiment,"Edible uses - The various plants that are used as flavourings, either as herbs, spices or condiments. ( 640 )",PFAF,Alimentaire et boissons ,"confitures, confiserie, arômes, colorants, condiments, liqueurs, infusions...",Food and Beverages,"jams, confectionery, flavors, colorants, condiments, liqueurs, infusions..."
Curdling agent ,Edible uses - Used to curdle soya milk in making cheese. ( 17 ),PFAF,Alimentaire et boissons ,"confitures, confiserie, arômes, colorants, condiments, liqueurs, infusions...",Food and Beverages,"jams, confectionery, flavors, colorants, condiments, liqueurs, infusions..."
Drink,"Edible uses - Not including plant saps, tea or coffee substitutes. ( 287 )",PFAF,Alimentaire et boissons ,"confitures, confiserie, arômes, colorants, condiments, liqueurs, infusions...",Food and Beverages,"jams, confectionery, flavors, colorants, condiments, liqueurs, infusions..."
Egg  ,Edible uses - Substitutes for eggs. ( 5 ),PFAF,Alimentaire et boissons ,"confitures, confiserie, arômes, colorants, condiments, liqueurs, infusions...",Food and Beverages,"jams, confectionery, flavors, colorants, condiments, liqueurs, infusions..."
Gelatine,Edible uses - Substitutes that is. ( 4 ),PFAF,Alimentaire et boissons ,"confitures, confiserie, arômes, colorants, condiments, liqueurs, infusions...",Food and Beverages,"jams, confectionery, flavors, colorants, condiments, liqueurs, infusions..."
Gum ,Edible uses - Can be chewed as a chewing gum or can often be used as a sweetener or thickening agent in foods. ( 285 ),PFAF,Alimentaire et boissons ,"confitures, confiserie, arômes, colorants, condiments, liqueurs, infusions...",Food and Beverages,"jams, confectionery, flavors, colorants, condiments, liqueurs, infusions..."
Milk,"Edible uses - Made from plants, that is. ( 21 )",PFAF,Alimentaire et boissons ,"confitures, confiserie, arômes, colorants, condiments, liqueurs, infusions...",Food and Beverages,"jams, confectionery, flavors, colorants, condiments, liqueurs, infusions..."
Oil,Edible uses - ( 713 ),PFAF,Alimentaire et boissons ,"confitures, confiserie, arômes, colorants, condiments, liqueurs, infusions...",Food and Beverages,"jams, confectionery, flavors, colorants, condiments, liqueurs, infusions..."
Pectin,Edible uses - A substance that is used to thicken jams etc and as a culture medium in laboratories. ( 23 ),PFAF,Alimentaire et boissons ,"confitures, confiserie, arômes, colorants, condiments, liqueurs, infusions...",Food and Beverages,"jams, confectionery, flavors, colorants, condiments, liqueurs, infusions..."
Rutin ,Edible uses - Often used as a food supplement. ( 18 ),PFAF,Alimentaire et boissons ,"confitures, confiserie, arômes, colorants, condiments, liqueurs, infusions...",Food and Beverages,"jams, confectionery, flavors, colorants, condiments, liqueurs, infusions..."
Salt ,Edible uses - Plants that provide a substitute for salt. ( 30 ),PFAF,Alimentaire et boissons ,"confitures, confiserie, arômes, colorants, condiments, liqueurs, infusions...",Food and Beverages,"jams, confectionery, flavors, colorants, condiments, liqueurs, infusions..."
Stabilizer,Edible uses - This is often a gum and could perhaps be included there. ( 3 ),PFAF,Alimentaire et boissons ,"confitures, confiserie, arômes, colorants, condiments, liqueurs, infusions...",Food and Beverages,"jams, confectionery, flavors, colorants, condiments, liqueurs, infusions..."
Sweetener,Edible uses - Includes sugar substitutes. ( 111 ),PFAF,Alimentaire et boissons ,"confitures, confiserie, arômes, colorants, condiments, liqueurs, infusions...",Food and Beverages,"jams, confectionery, flavors, colorants, condiments, liqueurs, infusions..."
Tea,"Edible uses - The various herb teas that can be used in place of tea, plus the genuine article. ( 676 )",PFAF,Alimentaire et boissons ,"confitures, confiserie, arômes, colorants, condiments, liqueurs, infusions...",Food and Beverages,"jams, confectionery, flavors, colorants, condiments, liqueurs, infusions..."
Alterative,"Alternative and Complementary Medicine - Causes a gradual beneficial change in the body, usually through improved nutrition and elimination, without having any marked specific action. ( 143 )",PFAF,Médical/thérapeutique,"médicaments, aromathérapie, homéopathie, vétérinaire...",Medical/Therapeutic,"medications, aromatherapy, homeopathy, veterinary..."
Aromatherapy,Alternative and Complementary Medicine - Plants whose essential oils are used in Aromatherapy. ( 40 ),PFAF,Médical/thérapeutique,"médicaments, aromathérapie, homéopathie, vétérinaire...",Medical/Therapeutic,"medications, aromatherapy, homeopathy, veterinary..."
Bach,Alternative and Complementary Medicine - Plants used in the Bach flower remedies. ( 38 ),PFAF,Médical/thérapeutique,"médicaments, aromathérapie, homéopathie, vétérinaire...",Medical/Therapeutic,"medications, aromatherapy, homeopathy, veterinary..."
Homeopathy,Alternative and Complementary Medicine - A plant used in homeopathic treatments. ( 134 ),PFAF,Médical/thérapeutique,"médicaments, aromathérapie, homéopathie, vétérinaire...",Medical/Therapeutic,"medications, aromatherapy, homeopathy, veterinary..."
Anthelmintic,"Bacteria, Viruses, Fungi and Parasites - Expels parasites from the gut. ( 261 )",PFAF,Médical/thérapeutique,"médicaments, aromathérapie, homéopathie, vétérinaire...",Medical/Therapeutic,"medications, aromatherapy, homeopathy, veterinary..."
Antibacterial,"Bacteria, Viruses, Fungi and Parasites - Kills bacteria. ( 331 )",PFAF,Médical/thérapeutique,"médicaments, aromathérapie, homéopathie, vétérinaire...",Medical/Therapeutic,"medications, aromatherapy, homeopathy, veterinary..."
Antibiotic,"Bacteria, Viruses, Fungi and Parasites - An agent that inhibits or destroys a living organism. It usually refers to bacteria or other micro-organisms and is probably synonymous with Antibacterial ( 34 )",PFAF,Médical/thérapeutique,"médicaments, aromathérapie, homéopathie, vétérinaire...",Medical/Therapeutic,"medications, aromatherapy, homeopathy, veterinary..."
Antifungal,"Bacteria, Viruses, Fungi and Parasites - An agent that inhibits or destroys fungi. Used in the treatment of various fungal problems such as candida. ( 127 )",PFAF,Médical/thérapeutique,"médicaments, aromathérapie, homéopathie, vétérinaire...",Medical/Therapeutic,"medications, aromatherapy, homeopathy, veterinary..."
Antiviral,"Bacteria, Viruses, Fungi and Parasites - Treats virus diseases ( 41 )",PFAF,Médical/thérapeutique,"médicaments, aromathérapie, homéopathie, vétérinaire...",Medical/Therapeutic,"medications, aromatherapy, homeopathy, veterinary..."
Parasiticide,"Bacteria, Viruses, Fungi and Parasites - Treats external parasites such as ringworm This should perhaps be joined with Parasiticide in 'Other Uses'. ( 195 )",PFAF,Médical/thérapeutique,"médicaments, aromathérapie, homéopathie, vétérinaire...",Medical/Therapeutic,"medications, aromatherapy, homeopathy, veterinary..."
Vermifuge,"Bacteria, Viruses, Fungi and Parasites - Expels and kills internal parasites. ( 211 )",PFAF,Médical/thérapeutique,"médicaments, aromathérapie, homéopathie, vétérinaire...",Medical/Therapeutic,"medications, aromatherapy, homeopathy, veterinary..."
Warts,"Bacteria, Viruses, Fungi and Parasites - Used in the treatment of warts, corns etc. ( 53 )",PFAF,Médical/thérapeutique,"médicaments, aromathérapie, homéopathie, vétérinaire...",Medical/Therapeutic,"medications, aromatherapy, homeopathy, veterinary..."
Antidote,Bites and Stings - Counters poisoning. ( 164 ),PFAF,Médical/thérapeutique,"médicaments, aromathérapie, homéopathie, vétérinaire...",Medical/Therapeutic,"medications, aromatherapy, homeopathy, veterinary..."
Stings,Bites and Stings - Used in the treatment of stings and insect bites. ( 87 ),PFAF,Médical/thérapeutique,"médicaments, aromathérapie, homéopathie, vétérinaire...",Medical/Therapeutic,"medications, aromatherapy, homeopathy, veterinary..."
Antiarthritic,Bones - Treats arthritis. ( 44 ),PFAF,Médical/thérapeutique,"médicaments, aromathérapie, homéopathie, vétérinaire...",Medical/Therapeutic,"medications, aromatherapy, homeopathy, veterinary..."
Antiinflammatory,"Bones - Reduces inflammation of joints, injuries etc. ( 304 )",PFAF,Médical/thérapeutique,"médicaments, aromathérapie, homéopathie, vétérinaire...",Medical/Therapeutic,"medications, aromatherapy, homeopathy, veterinary..."
Antirheumatic,Bones - Treats rheumatism. ( 459 ),PFAF,Médical/thérapeutique,"médicaments, aromathérapie, homéopathie, vétérinaire...",Medical/Therapeutic,"medications, aromatherapy, homeopathy, veterinary..."
Antihaemorrhoidal,Bowels and Bladder - Treats haemorrhoids (piles). This would probably be best added to another heading. ( 65 ),PFAF,Médical/thérapeutique,"médicaments, aromathérapie, homéopathie, vétérinaire...",Medical/Therapeutic,"medications, aromatherapy, homeopathy, veterinary..."
Aperient,Bowels and Bladder - A mild laxative. ( 79 ),PFAF,Médical/thérapeutique,"médicaments, aromathérapie, homéopathie, vétérinaire...",Medical/Therapeutic,"medications, aromatherapy, homeopathy, veterinary..."
Carminative,Bowels and Bladder - Reduces flatulence and expels gas from the intestines. ( 363 ),PFAF,Médical/thérapeutique,"médicaments, aromathérapie, homéopathie, vétérinaire...",Medical/Therapeutic,"medications, aromatherapy, homeopathy, veterinary..."
Cathartic,Bowels and Bladder - A strong laxative but less violent than a purgative. ( 96 ),PFAF,Médical/thérapeutique,"médicaments, aromathérapie, homéopathie, vétérinaire...",Medical/Therapeutic,"medications, aromatherapy, homeopathy, veterinary..."
Hydrogogue,Bowels and Bladder - A purgative that causes an abundant watery discharge. ( 8 ),PFAF,Médical/thérapeutique,"médicaments, aromathérapie, homéopathie, vétérinaire...",Medical/Therapeutic,"medications, aromatherapy, homeopathy, veterinary..."
Laxative,Bowels and Bladder - Stimulates bowel movements in a fairly gentle manner. ( 407 ),PFAF,Médical/thérapeutique,"médicaments, aromathérapie, homéopathie, vétérinaire...",Medical/Therapeutic,"medications, aromatherapy, homeopathy, veterinary..."
Purgative,"Bowels and Bladder - A drastic laxative causing a cleansing or watery evacuation of the bowels, usually with a griping pain. ( 239 )",PFAF,Médical/thérapeutique,"médicaments, aromathérapie, homéopathie, vétérinaire...",Medical/Therapeutic,"medications, aromatherapy, homeopathy, veterinary..."
Urinary,"Bowels and Bladder - Treats urinary problems, including urinary tract infection (UTI). ( 228 )",PFAF,Médical/thérapeutique,"médicaments, aromathérapie, homéopathie, vétérinaire...",Medical/Therapeutic,"medications, aromatherapy, homeopathy, veterinary..."
Antitumor,"Cancer - Preventing, or effective against, tumors, it is used in the treatment of cancer. Probably synonymous with Cytotoxic. ( 98 )",PFAF,Médical/thérapeutique,"médicaments, aromathérapie, homéopathie, vétérinaire...",Medical/Therapeutic,"medications, aromatherapy, homeopathy, veterinary..."
Cancer,Cancer - Used in the treatment of cancer. ( 366 ),PFAF,Médical/thérapeutique,"médicaments, aromathérapie, homéopathie, vétérinaire...",Medical/Therapeutic,"medications, aromatherapy, homeopathy, veterinary..."
Cytostatic,Cancer - Slows or controls the growth of tumours. ( 19 ),PFAF,Médical/thérapeutique,"médicaments, aromathérapie, homéopathie, vétérinaire...",Medical/Therapeutic,"medications, aromatherapy, homeopathy, veterinary..."
Cytotoxic,"Cancer - Destroys body cells. Used in the treatment of diseases such as cancer, where it is targeted against the cancer cells. ( 16 )",PFAF,Médical/thérapeutique,"médicaments, aromathérapie, homéopathie, vétérinaire...",Medical/Therapeutic,"medications, aromatherapy, homeopathy, veterinary..."
Resolvent,Cancer - Breaks down tumors. This might be placed under antitumor. ( 48 ),PFAF,Médical/thérapeutique,"médicaments, aromathérapie, homéopathie, vétérinaire...",Medical/Therapeutic,"medications, aromatherapy, homeopathy, veterinary..."
Antiasthmatic,Chest and Lungs - Treats asthma. ( 153 ),PFAF,Médical/thérapeutique,"médicaments, aromathérapie, homéopathie, vétérinaire...",Medical/Therapeutic,"medications, aromatherapy, homeopathy, veterinary..."
Antitussive,Chest and Lungs - Prevents or relieves coughing. ( 230 ),PFAF,Médical/thérapeutique,"médicaments, aromathérapie, homéopathie, vétérinaire...",Medical/Therapeutic,"medications, aromatherapy, homeopathy, veterinary..."
Decongestant,"Chest and Lungs - Removes phlegm and mucous, especially from the respiratory system. ( 13 )",PFAF,Médical/thérapeutique,"médicaments, aromathérapie, homéopathie, vétérinaire...",Medical/Therapeutic,"medications, aromatherapy, homeopathy, veterinary..."
Demulcent,"Chest and Lungs - Soothes, lubricates and softens irritated tissues, especially the mucous membranes. ( 200 )",PFAF,Médical/thérapeutique,"médicaments, aromathérapie, homéopathie, vétérinaire...",Medical/Therapeutic,"medications, aromatherapy, homeopathy, veterinary..."
Expectorant,Chest and Lungs - Clears phlegm from the chest by inducing coughing. ( 486 ),PFAF,Médical/thérapeutique,"médicaments, aromathérapie, homéopathie, vétérinaire...",Medical/Therapeutic,"medications, aromatherapy, homeopathy, veterinary..."
Pectoral,"Chest and Lungs - Relieves respiratory diseases, a remedy for chest diseases. ( 192 )",PFAF,Médical/thérapeutique,"médicaments, aromathérapie, homéopathie, vétérinaire...",Medical/Therapeutic,"medications, aromatherapy, homeopathy, veterinary..."
Errhine,"Ear, Nose and Throat and Eyes - Produces sneezing. ( 4 )",PFAF,Médical/thérapeutique,"médicaments, aromathérapie, homéopathie, vétérinaire...",Medical/Therapeutic,"medications, aromatherapy, homeopathy, veterinary..."
Mouthwash,"Ear, Nose and Throat and Eyes - Treats problems such as mouth ulcers. ( 61 )",PFAF,Médical/thérapeutique,"médicaments, aromathérapie, homéopathie, vétérinaire...",Medical/Therapeutic,"medications, aromatherapy, homeopathy, veterinary..."
Mydriatic,"Ear, Nose and Throat and Eyes - Dilates the pupils of the eyes. ( 9 )",PFAF,Médical/thérapeutique,"médicaments, aromathérapie, homéopathie, vétérinaire...",Medical/Therapeutic,"medications, aromatherapy, homeopathy, veterinary..."
Odontalgic,"Ear, Nose and Throat and Eyes - Treats toothache (temporary measure only) and other problems of the teeth and gums. ( 192 )",PFAF,Médical/thérapeutique,"médicaments, aromathérapie, homéopathie, vétérinaire...",Medical/Therapeutic,"medications, aromatherapy, homeopathy, veterinary..."
Ophthalmic,"Ear, Nose and Throat and Eyes - Treats eye complaints. ( 311 )",PFAF,Médical/thérapeutique,"médicaments, aromathérapie, homéopathie, vétérinaire...",Medical/Therapeutic,"medications, aromatherapy, homeopathy, veterinary..."
Sialagogue,"Ear, Nose and Throat and Eyes - Stimulates the secretion of saliva. ( 44 )",PFAF,Médical/thérapeutique,"médicaments, aromathérapie, homéopathie, vétérinaire...",Medical/Therapeutic,"medications, aromatherapy, homeopathy, veterinary..."
Sternutatory,"Ear, Nose and Throat and Eyes - Promotes sneezing and nasal discharges. ( 21 )",PFAF,Médical/thérapeutique,"médicaments, aromathérapie, homéopathie, vétérinaire...",Medical/Therapeutic,"medications, aromatherapy, homeopathy, veterinary..."
Antipyretic,Fevers - Treats fevers. See Febrifuge. ( 76 ),PFAF,Médical/thérapeutique,"médicaments, aromathérapie, homéopathie, vétérinaire...",Medical/Therapeutic,"medications, aromatherapy, homeopathy, veterinary..."
Febrifuge,Fevers - Reduces fevers. ( 821 ),PFAF,Médical/thérapeutique,"médicaments, aromathérapie, homéopathie, vétérinaire...",Medical/Therapeutic,"medications, aromatherapy, homeopathy, veterinary..."
Antiscorbutic,General Well Being - A plant rich in vitamin C that is used to counteract scurvy. ( 93 ),PFAF,Médical/thérapeutique,"médicaments, aromathérapie, homéopathie, vétérinaire...",Medical/Therapeutic,"medications, aromatherapy, homeopathy, veterinary..."
Balsamic,General Well Being - A healing and soothing agent. ( 16 ),PFAF,Médical/thérapeutique,"médicaments, aromathérapie, homéopathie, vétérinaire...",Medical/Therapeutic,"medications, aromatherapy, homeopathy, veterinary..."
Nutritive,General Well Being - A food for convalescents to help restore strength. ( 40 ),PFAF,Médical/thérapeutique,"médicaments, aromathérapie, homéopathie, vétérinaire...",Medical/Therapeutic,"medications, aromatherapy, homeopathy, veterinary..."
Tonic,"General Well Being - Improves general health. Slower acting than a stimulant, it brings steady improvement. ( 838 )",PFAF,Médical/thérapeutique,"médicaments, aromathérapie, homéopathie, vétérinaire...",Medical/Therapeutic,"medications, aromatherapy, homeopathy, veterinary..."
Anticholesterolemic,Heart and Blood - Prevents the build up of cholesterol. ( 50 ),PFAF,Médical/thérapeutique,"médicaments, aromathérapie, homéopathie, vétérinaire...",Medical/Therapeutic,"medications, aromatherapy, homeopathy, veterinary..."
Anticoagulant,Heart and Blood - Removes blood clots. ( 24 ),PFAF,Médical/thérapeutique,"médicaments, aromathérapie, homéopathie, vétérinaire...",Medical/Therapeutic,"medications, aromatherapy, homeopathy, veterinary..."
Blood purifier,Heart and Blood - Purifies the blood. ( 60 ),PFAF,Médical/thérapeutique,"médicaments, aromathérapie, homéopathie, vétérinaire...",Medical/Therapeutic,"medications, aromatherapy, homeopathy, veterinary..."
Blood tonic,Heart and Blood - Is this any different to a blood purifier? ( 42 ),PFAF,Médical/thérapeutique,"médicaments, aromathérapie, homéopathie, vétérinaire...",Medical/Therapeutic,"medications, aromatherapy, homeopathy, veterinary..."
Cardiac,Heart and Blood - Used in the treatment of heart problems. ( 137 ),PFAF,Médical/thérapeutique,"médicaments, aromathérapie, homéopathie, vétérinaire...",Medical/Therapeutic,"medications, aromatherapy, homeopathy, veterinary..."
Cardiotonic,Heart and Blood - A tonic for the heart. ( 151 ),PFAF,Médical/thérapeutique,"médicaments, aromathérapie, homéopathie, vétérinaire...",Medical/Therapeutic,"medications, aromatherapy, homeopathy, veterinary..."
Haemolytic,Heart and Blood - Breaks down red blood corpuscles to separate haemoglobin. ( 12 ),PFAF,Médical/thérapeutique,"médicaments, aromathérapie, homéopathie, vétérinaire...",Medical/Therapeutic,"medications, aromatherapy, homeopathy, veterinary..."
Hypoglycaemic,Heart and Blood - Reduces the levels of sugar in the blood. ( 119 ),PFAF,Médical/thérapeutique,"médicaments, aromathérapie, homéopathie, vétérinaire...",Medical/Therapeutic,"medications, aromatherapy, homeopathy, veterinary..."
Hypotensive,"Heart and Blood - Reduces blood pressure, it is used in the treatment of high blood pressure ( 207 )",PFAF,Médical/thérapeutique,"médicaments, aromathérapie, homéopathie, vétérinaire...",Medical/Therapeutic,"medications, aromatherapy, homeopathy, veterinary..."
Vasoconstrictor,"Heart and Blood - Narrows the blood vessels, thereby increasing blood pressure. ( 25 )",PFAF,Médical/thérapeutique,"médicaments, aromathérapie, homéopathie, vétérinaire...",Medical/Therapeutic,"medications, aromatherapy, homeopathy, veterinary..."
Vasodilator,"Heart and Blood - Widens the blood vessels, thereby reducing blood pressure. ( 84 )",PFAF,Médical/thérapeutique,"médicaments, aromathérapie, homéopathie, vétérinaire...",Medical/Therapeutic,"medications, aromatherapy, homeopathy, veterinary..."
Antiperiodic,Infectious Diseases - Counteracts recurring illnesses such as malaria. ( 83 ),PFAF,Médical/thérapeutique,"médicaments, aromathérapie, homéopathie, vétérinaire...",Medical/Therapeutic,"medications, aromatherapy, homeopathy, veterinary..."
Antiscrophulatic,"Infectious Diseases - Counteracts scrofula. (TB, especially of the lymph glands) ( 16 )",PFAF,Médical/thérapeutique,"médicaments, aromathérapie, homéopathie, vétérinaire...",Medical/Therapeutic,"medications, aromatherapy, homeopathy, veterinary..."
TB,Infectious Diseases - Plants used in the treatment of tuberculosis ( 66 ),PFAF,Médical/thérapeutique,"médicaments, aromathérapie, homéopathie, vétérinaire...",Medical/Therapeutic,"medications, aromatherapy, homeopathy, veterinary..."
VD,Infectious Diseases - Used in the treatment of venereal disease ( 93 ),PFAF,Médical/thérapeutique,"médicaments, aromathérapie, homéopathie, vétérinaire...",Medical/Therapeutic,"medications, aromatherapy, homeopathy, veterinary..."
Cholera,Infectious Diseases - Used in the treatment of cholera - an acute diarrheal illness caused by infection of the intestine with Vibrio cholerae bacteria. ( 42 ),PFAF,Médical/thérapeutique,"médicaments, aromathérapie, homéopathie, vétérinaire...",Medical/Therapeutic,"medications, aromatherapy, homeopathy, veterinary..."
Malaria,Infectious Diseases - Treats malaria - an acute febrile illness caused by Plasmodium parasites spread to people through the bites of mosquitos. ( 152 ),PFAF,Médical/thérapeutique,"médicaments, aromathérapie, homéopathie, vétérinaire...",Medical/Therapeutic,"medications, aromatherapy, homeopathy, veterinary..."
Leprosy,Infectious Diseases - Used to treat leprosy - a chronic bacterial infection of the skin and superficial nerves (in the skin) caused by Mycobacterium leprae. ( 84 ),PFAF,Médical/thérapeutique,"médicaments, aromathérapie, homéopathie, vétérinaire...",Medical/Therapeutic,"medications, aromatherapy, homeopathy, veterinary..."
Dysentery,Infectious Diseases - Used in treating dysentery - an infection of the intestines that causes diarrhoea containing blood or mucus. ( 583 ),PFAF,Médical/thérapeutique,"médicaments, aromathérapie, homéopathie, vétérinaire...",Medical/Therapeutic,"medications, aromatherapy, homeopathy, veterinary..."
Antibilious,"Liver, Kidneys, and other internal bits - Corrects the secretions of bile. ( 23 )",PFAF,Médical/thérapeutique,"médicaments, aromathérapie, homéopathie, vétérinaire...",Medical/Therapeutic,"medications, aromatherapy, homeopathy, veterinary..."
Cholagogue,"Liver, Kidneys, and other internal bits - Increases the flow of bile and its discharge from the body. ( 148 )",PFAF,Médical/thérapeutique,"médicaments, aromathérapie, homéopathie, vétérinaire...",Medical/Therapeutic,"medications, aromatherapy, homeopathy, veterinary..."
Diuretic,"Liver, Kidneys, and other internal bits - Acts on the kidneys, promoting the flow of urine. ( 1124 )",PFAF,Médical/thérapeutique,"médicaments, aromathérapie, homéopathie, vétérinaire...",Medical/Therapeutic,"medications, aromatherapy, homeopathy, veterinary..."
Haemostatic,"Liver, Kidneys, and other internal bits - Controls internal bleeding. ( 146 )",PFAF,Médical/thérapeutique,"médicaments, aromathérapie, homéopathie, vétérinaire...",Medical/Therapeutic,"medications, aromatherapy, homeopathy, veterinary..."
Hepatic,"Liver, Kidneys, and other internal bits - Acts on the liver (for better or worse!). ( 83 )",PFAF,Médical/thérapeutique,"médicaments, aromathérapie, homéopathie, vétérinaire...",Medical/Therapeutic,"medications, aromatherapy, homeopathy, veterinary..."
Kidney,"Liver, Kidneys, and other internal bits - Used in the treatment of kidney diseases ( 112 )",PFAF,Médical/thérapeutique,"médicaments, aromathérapie, homéopathie, vétérinaire...",Medical/Therapeutic,"medications, aromatherapy, homeopathy, veterinary..."
Lithontripic,"Liver, Kidneys, and other internal bits - Removes stones from the kidney, bladder etc. ( 52 )",PFAF,Médical/thérapeutique,"médicaments, aromathérapie, homéopathie, vétérinaire...",Medical/Therapeutic,"medications, aromatherapy, homeopathy, veterinary..."
Antispasmodic,"Nerves and Muscles - Relaxes muscular spasms and cramps, calming nervous irritation. ( 421 )",PFAF,Médical/thérapeutique,"médicaments, aromathérapie, homéopathie, vétérinaire...",Medical/Therapeutic,"medications, aromatherapy, homeopathy, veterinary..."
Nervine,Nerves and Muscles - Stimulates and calms the nerves. ( 103 ),PFAF,Médical/thérapeutique,"médicaments, aromathérapie, homéopathie, vétérinaire...",Medical/Therapeutic,"medications, aromatherapy, homeopathy, veterinary..."
Epilepsy,"Nerves and Muscles - Used in the treatment of Epilepsy - a disorder in which nerve cell activity in the brain is disturbed, causing seizures. ( 95 )",PFAF,Médical/thérapeutique,"médicaments, aromathérapie, homéopathie, vétérinaire...",Medical/Therapeutic,"medications, aromatherapy, homeopathy, veterinary..."
Antidandruff,Other medicinal uses - Treats dandruff. ( 30 ),PFAF,Médical/thérapeutique,"médicaments, aromathérapie, homéopathie, vétérinaire...",Medical/Therapeutic,"medications, aromatherapy, homeopathy, veterinary..."
Antihydrotic,Other medicinal uses - Reduces perspiration. ( 9 ),PFAF,Médical/thérapeutique,"médicaments, aromathérapie, homéopathie, vétérinaire...",Medical/Therapeutic,"medications, aromatherapy, homeopathy, veterinary..."
Antiphlogistic,Other medicinal uses - Reduces inflammation. ( 138 ),PFAF,Médical/thérapeutique,"médicaments, aromathérapie, homéopathie, vétérinaire...",Medical/Therapeutic,"medications, aromatherapy, homeopathy, veterinary..."
Antivinous,Other medicinal uses - Treats addiction to alcohol ( 12 ),PFAF,Médical/thérapeutique,"médicaments, aromathérapie, homéopathie, vétérinaire...",Medical/Therapeutic,"medications, aromatherapy, homeopathy, veterinary..."
Appetizer,Other medicinal uses - Improves the appetite ( 124 ),PFAF,Médical/thérapeutique,"médicaments, aromathérapie, homéopathie, vétérinaire...",Medical/Therapeutic,"medications, aromatherapy, homeopathy, veterinary..."
Aromatic,Other medicinal uses - Having an agreeable odour and stimulant qualities. ( 103 ),PFAF,Médical/thérapeutique,"médicaments, aromathérapie, homéopathie, vétérinaire...",Medical/Therapeutic,"medications, aromatherapy, homeopathy, veterinary..."
Astringent,"Other medicinal uses - Produces contraction in living tissue, reducing the flow of secretions and discharges of blood, mucus, diarrhoea etc. ( 982 )",PFAF,Médical/thérapeutique,"médicaments, aromathérapie, homéopathie, vétérinaire...",Medical/Therapeutic,"medications, aromatherapy, homeopathy, veterinary..."
Bitter,"Other medicinal uses - Increases the appetite and stimulates digestion by acting on the mucous membranes of the mouth. Also increases the flow of bile, stimulates repair of the gut wall lining and regulates the secretion of insulin and glucogen. ( 112 )",PFAF,Médical/thérapeutique,"médicaments, aromathérapie, homéopathie, vétérinaire...",Medical/Therapeutic,"medications, aromatherapy, homeopathy, veterinary..."
Deodorant,Other medicinal uses - Masks smells. Is this medicinal? ( 38 ),PFAF,Médical/thérapeutique,"médicaments, aromathérapie, homéopathie, vétérinaire...",Medical/Therapeutic,"medications, aromatherapy, homeopathy, veterinary..."
Diaphoretic,Other medicinal uses - Induces perspiration. ( 451 ),PFAF,Médical/thérapeutique,"médicaments, aromathérapie, homéopathie, vétérinaire...",Medical/Therapeutic,"medications, aromatherapy, homeopathy, veterinary..."
Emollient,"Other medicinal uses - Softens the skin, causing warmth and moisture. ( 136 )",PFAF,Médical/thérapeutique,"médicaments, aromathérapie, homéopathie, vétérinaire...",Medical/Therapeutic,"medications, aromatherapy, homeopathy, veterinary..."
Enuresis,Other medicinal uses - Treats bed wetting. ( 7 ),PFAF,Médical/thérapeutique,"médicaments, aromathérapie, homéopathie, vétérinaire...",Medical/Therapeutic,"medications, aromatherapy, homeopathy, veterinary..."
Hallucinogenic,Other medicinal uses - Causes the mind to hallucinate. ( 32 ),PFAF,Médical/thérapeutique,"médicaments, aromathérapie, homéopathie, vétérinaire...",Medical/Therapeutic,"medications, aromatherapy, homeopathy, veterinary..."
Hypnotic,Other medicinal uses - Induces sleep. ( 74 ),PFAF,Médical/thérapeutique,"médicaments, aromathérapie, homéopathie, vétérinaire...",Medical/Therapeutic,"medications, aromatherapy, homeopathy, veterinary..."
Irritant,Other medicinal uses - Causes irritation or abnormal sensitivity in living tissue. ( 25 ),PFAF,Médical/thérapeutique,"médicaments, aromathérapie, homéopathie, vétérinaire...",Medical/Therapeutic,"medications, aromatherapy, homeopathy, veterinary..."
Miscellany,Other medicinal uses - Various medicinal actions that need more clarification. ( 263 ),PFAF,Médical/thérapeutique,"médicaments, aromathérapie, homéopathie, vétérinaire...",Medical/Therapeutic,"medications, aromatherapy, homeopathy, veterinary..."
Refrigerant,Other medicinal uses - Cools the body. ( 72 ),PFAF,Médical/thérapeutique,"médicaments, aromathérapie, homéopathie, vétérinaire...",Medical/Therapeutic,"medications, aromatherapy, homeopathy, veterinary..."
Restorative,Other medicinal uses - Restores consciousness or normal physiological activity. ( 18 ),PFAF,Médical/thérapeutique,"médicaments, aromathérapie, homéopathie, vétérinaire...",Medical/Therapeutic,"medications, aromatherapy, homeopathy, veterinary..."
Rubefacient,"Other medicinal uses - A counter-irritant and external stimulant, it produces inflammation and redness of the skin. ( 98 )",PFAF,Médical/thérapeutique,"médicaments, aromathérapie, homéopathie, vétérinaire...",Medical/Therapeutic,"medications, aromatherapy, homeopathy, veterinary..."
Sedative,"Other medicinal uses - Gently calms, reducing nervousness, distress and irritation. ( 325 )",PFAF,Médical/thérapeutique,"médicaments, aromathérapie, homéopathie, vétérinaire...",Medical/Therapeutic,"medications, aromatherapy, homeopathy, veterinary..."
Stimulant,Other medicinal uses - Excites or quickens activity of the physiological processes. Faster acting than a tonic but differing from a narcotic in that it does not give a false sense of well-being. ( 378 ),PFAF,Médical/thérapeutique,"médicaments, aromathérapie, homéopathie, vétérinaire...",Medical/Therapeutic,"medications, aromatherapy, homeopathy, veterinary..."
Anaesthetic,Pain Relief - Numbs the feeling in a local or general area of the body. ( 33 ),PFAF,Médical/thérapeutique,"médicaments, aromathérapie, homéopathie, vétérinaire...",Medical/Therapeutic,"medications, aromatherapy, homeopathy, veterinary..."
Analgesic,Pain Relief - Relieves pain. ( 280 ),PFAF,Médical/thérapeutique,"médicaments, aromathérapie, homéopathie, vétérinaire...",Medical/Therapeutic,"medications, aromatherapy, homeopathy, veterinary..."
Anodyne,"Pain Relief - Relieves pain, it is milder than an analgesic. ( 312 )",PFAF,Médical/thérapeutique,"médicaments, aromathérapie, homéopathie, vétérinaire...",Medical/Therapeutic,"medications, aromatherapy, homeopathy, veterinary..."
Lenitive,"Pain Relief - Soothing, palliative. ( 16 )",PFAF,Médical/thérapeutique,"médicaments, aromathérapie, homéopathie, vétérinaire...",Medical/Therapeutic,"medications, aromatherapy, homeopathy, veterinary..."
Narcotic,"Pain Relief - Relieves pain, induces drowsiness and gives a sense of well-being. ( 91 )",PFAF,Médical/thérapeutique,"médicaments, aromathérapie, homéopathie, vétérinaire...",Medical/Therapeutic,"medications, aromatherapy, homeopathy, veterinary..."
Abortifacient,Sex and Reproduction - Causes an abortion. ( 94 ),PFAF,Médical/thérapeutique,"médicaments, aromathérapie, homéopathie, vétérinaire...",Medical/Therapeutic,"medications, aromatherapy, homeopathy, veterinary..."
Anaphrodisiac,Sex and Reproduction - Reduces sexual desire. ( 10 ),PFAF,Médical/thérapeutique,"médicaments, aromathérapie, homéopathie, vétérinaire...",Medical/Therapeutic,"medications, aromatherapy, homeopathy, veterinary..."
Aphrodisiac,Sex and Reproduction - Increases the sexual appetite. ( 143 ),PFAF,Médical/thérapeutique,"médicaments, aromathérapie, homéopathie, vétérinaire...",Medical/Therapeutic,"medications, aromatherapy, homeopathy, veterinary..."
Birthing aid,"Sex and Reproduction - Used in facilitating birth, but not just to cause uterine contrctions. ( 60 )",PFAF,Médical/thérapeutique,"médicaments, aromathérapie, homéopathie, vétérinaire...",Medical/Therapeutic,"medications, aromatherapy, homeopathy, veterinary..."
Contraceptive,Sex and Reproduction - Prevents fertilization occurring in females. ( 80 ),PFAF,Médical/thérapeutique,"médicaments, aromathérapie, homéopathie, vétérinaire...",Medical/Therapeutic,"medications, aromatherapy, homeopathy, veterinary..."
Emmenagogue,Sex and Reproduction - Promotes or increases the menstrual flow. In early stages of pregnancy it can induce an abortion. ( 310 ),PFAF,Médical/thérapeutique,"médicaments, aromathérapie, homéopathie, vétérinaire...",Medical/Therapeutic,"medications, aromatherapy, homeopathy, veterinary..."
Galactofuge,Sex and Reproduction - Stops or reduces the flow of milk in a nursing mother. ( 17 ),PFAF,Médical/thérapeutique,"médicaments, aromathérapie, homéopathie, vétérinaire...",Medical/Therapeutic,"medications, aromatherapy, homeopathy, veterinary..."
Galactogogue,Sex and Reproduction - Promotes the flow of milk in a nursing mother. ( 135 ),PFAF,Médical/thérapeutique,"médicaments, aromathérapie, homéopathie, vétérinaire...",Medical/Therapeutic,"medications, aromatherapy, homeopathy, veterinary..."
Infertility,Sex and Reproduction - Used in treating problems of human fertility. ( 26 ),PFAF,Médical/thérapeutique,"médicaments, aromathérapie, homéopathie, vétérinaire...",Medical/Therapeutic,"medications, aromatherapy, homeopathy, veterinary..."
Oxytoxic,Sex and Reproduction - Hastens parturition and stimulates uterine contractions. See also birthing aids. ( 42 ),PFAF,Médical/thérapeutique,"médicaments, aromathérapie, homéopathie, vétérinaire...",Medical/Therapeutic,"medications, aromatherapy, homeopathy, veterinary..."
Uterine tonic,Sex and Reproduction - A tonic for the uterus. See also oxytoxic. ( 16 ),PFAF,Médical/thérapeutique,"médicaments, aromathérapie, homéopathie, vétérinaire...",Medical/Therapeutic,"medications, aromatherapy, homeopathy, veterinary..."
Women's complaints,"Sex and Reproduction - A very vague title, it deals with a miscellany of problems peculiar to the female sex. ( 89 )",PFAF,Médical/thérapeutique,"médicaments, aromathérapie, homéopathie, vétérinaire...",Medical/Therapeutic,"medications, aromatherapy, homeopathy, veterinary..."
Women,"Sex and Reproduction - A very vague title, it deals with a miscellany of problems peculiar to the female sex. ( 0 )",PFAF,Médical/thérapeutique,"médicaments, aromathérapie, homéopathie, vétérinaire...",Medical/Therapeutic,"medications, aromatherapy, homeopathy, veterinary..."
Acrid,"Skin, Hands and Feet - Causes heat and irritation when applied to the skin. ( 18 )",PFAF,Médical/thérapeutique,"médicaments, aromathérapie, homéopathie, vétérinaire...",Medical/Therapeutic,"medications, aromatherapy, homeopathy, veterinary..."
Antidermatosic,"Skin, Hands and Feet - Prevents or cures skin complaints. ( 13 )",PFAF,Médical/thérapeutique,"médicaments, aromathérapie, homéopathie, vétérinaire...",Medical/Therapeutic,"medications, aromatherapy, homeopathy, veterinary..."
Antipruritic,"Skin, Hands and Feet - Treats itching of the skin. ( 56 )",PFAF,Médical/thérapeutique,"médicaments, aromathérapie, homéopathie, vétérinaire...",Medical/Therapeutic,"medications, aromatherapy, homeopathy, veterinary..."
Foot care,"Skin, Hands and Feet - Plants that are used in various ways to treat foot problems. ( 20 )",PFAF,Médical/thérapeutique,"médicaments, aromathérapie, homéopathie, vétérinaire...",Medical/Therapeutic,"medications, aromatherapy, homeopathy, veterinary..."
Skin,"Skin, Hands and Feet - Plants used in miscellaneous treatments for the skin. ( 478 )",PFAF,Médical/thérapeutique,"médicaments, aromathérapie, homéopathie, vétérinaire...",Medical/Therapeutic,"medications, aromatherapy, homeopathy, veterinary..."
Vesicant,"Skin, Hands and Feet - A blistering agent. ( 15 )",PFAF,Médical/thérapeutique,"médicaments, aromathérapie, homéopathie, vétérinaire...",Medical/Therapeutic,"medications, aromatherapy, homeopathy, veterinary..."
Eczema,"Skin, Hands and Feet - Used in the treatment of eczema - a chronic health condition that affects the skin, causing redness, dryness, itching and infections. ( 134 )",PFAF,Médical/thérapeutique,"médicaments, aromathérapie, homéopathie, vétérinaire...",Medical/Therapeutic,"medications, aromatherapy, homeopathy, veterinary..."
Antacid,Stomach - Counters excess acidity in the stomach. ( 9 ),PFAF,Médical/thérapeutique,"médicaments, aromathérapie, homéopathie, vétérinaire...",Medical/Therapeutic,"medications, aromatherapy, homeopathy, veterinary..."
Antiemetic,Stomach - Prevents vomiting. ( 68 ),PFAF,Médical/thérapeutique,"médicaments, aromathérapie, homéopathie, vétérinaire...",Medical/Therapeutic,"medications, aromatherapy, homeopathy, veterinary..."
Digestive,Stomach - Aids digestion. ( 178 ),PFAF,Médical/thérapeutique,"médicaments, aromathérapie, homéopathie, vétérinaire...",Medical/Therapeutic,"medications, aromatherapy, homeopathy, veterinary..."
Emetic,Stomach - Induces vomiting. ( 270 ),PFAF,Médical/thérapeutique,"médicaments, aromathérapie, homéopathie, vétérinaire...",Medical/Therapeutic,"medications, aromatherapy, homeopathy, veterinary..."
Stomachic,Stomach - Aids and improves the action of the stomach. ( 557 ),PFAF,Médical/thérapeutique,"médicaments, aromathérapie, homéopathie, vétérinaire...",Medical/Therapeutic,"medications, aromatherapy, homeopathy, veterinary..."
Antiecchymotic,Treatment of Wounds and Bruises - Prevents or treats bruising. ( 8 ),PFAF,Médical/thérapeutique,"médicaments, aromathérapie, homéopathie, vétérinaire...",Medical/Therapeutic,"medications, aromatherapy, homeopathy, veterinary..."
Antiseptic,"Treatment of Wounds and Bruises - Preventing sepsis, decay or putrefaction, it destroys or arrests the growth of micro-organisms. ( 389 )",PFAF,Médical/thérapeutique,"médicaments, aromathérapie, homéopathie, vétérinaire...",Medical/Therapeutic,"medications, aromatherapy, homeopathy, veterinary..."
Detergent,"Treatment of Wounds and Bruises - A cleansing agent, used on wounds etc. It removes dead and diseased matter. ( 25 )",PFAF,Médical/thérapeutique,"médicaments, aromathérapie, homéopathie, vétérinaire...",Medical/Therapeutic,"medications, aromatherapy, homeopathy, veterinary..."
Disinfectant,Treatment of Wounds and Bruises - Used for cleaning wounds. ( 63 ),PFAF,Médical/thérapeutique,"médicaments, aromathérapie, homéopathie, vétérinaire...",Medical/Therapeutic,"medications, aromatherapy, homeopathy, veterinary..."
Plaster,Treatment of Wounds and Bruises - Used in the treatment of broken bones. ( 8 ),PFAF,Médical/thérapeutique,"médicaments, aromathérapie, homéopathie, vétérinaire...",Medical/Therapeutic,"medications, aromatherapy, homeopathy, veterinary..."
Poultice,"Treatment of Wounds and Bruises - A moist, usually warm or hot, mass of plant material applied to the skin in the treatment of burns etc. ( 491 )",PFAF,Médical/thérapeutique,"médicaments, aromathérapie, homéopathie, vétérinaire...",Medical/Therapeutic,"medications, aromatherapy, homeopathy, veterinary..."
Salve,Treatment of Wounds and Bruises - Soothes and heals damaged skin. ( 143 ),PFAF,Médical/thérapeutique,"médicaments, aromathérapie, homéopathie, vétérinaire...",Medical/Therapeutic,"medications, aromatherapy, homeopathy, veterinary..."
Styptic,Treatment of Wounds and Bruises - An astringent that stops bleeding by contracting the blood vessels. ( 98 ),PFAF,Médical/thérapeutique,"médicaments, aromathérapie, homéopathie, vétérinaire...",Medical/Therapeutic,"medications, aromatherapy, homeopathy, veterinary..."
Vulnerary,Treatment of Wounds and Bruises - Promotes the healing of wounds. ( 214 ),PFAF,Médical/thérapeutique,"médicaments, aromathérapie, homéopathie, vétérinaire...",Medical/Therapeutic,"medications, aromatherapy, homeopathy, veterinary..."
Adaptogen,"Whole Body - Helps the body 'rise' to normal stress situations, thus preventing the many chronic degenerative diseases. ( 23 )",PFAF,Médical/thérapeutique,"médicaments, aromathérapie, homéopathie, vétérinaire...",Medical/Therapeutic,"medications, aromatherapy, homeopathy, veterinary..."
Deobstruent,Whole Body - Clears obstructions from the natural ducts of the body. ( 49 ),PFAF,Médical/thérapeutique,"médicaments, aromathérapie, homéopathie, vétérinaire...",Medical/Therapeutic,"medications, aromatherapy, homeopathy, veterinary..."
Depurative,"Whole Body - Eliminates toxins and purifies the system, especially the blood. ( 210 )",PFAF,Médical/thérapeutique,"médicaments, aromathérapie, homéopathie, vétérinaire...",Medical/Therapeutic,"medications, aromatherapy, homeopathy, veterinary..."
