species_unique,CD_REF,NOM_VALIDE,TYPE_BIO_baseflor,FORMATION_baseflor,TYPE_BIO_cbnmed,choix_type_bio,comm_type_bio,,,,,,,
0,79319,"Abies alba Mill., 1768",A-semp,magnophanérophytaie,Phanérophyte,phanérophyte,OK,,,,,,,
0,79691,"Acacia dealbata Link, 1822",a-cad,magnophanérophytaie,Phanérophyte,phanérophyte,OK,,,,,,,
0,79734,"Acer campestre L., 1753",a-cad,magnophanérophytaie,Phanérophyte,phanérophyte,OK,,,,,,,
0,79766,"Acer negundo L., 1753",a-cad,magnophanérophytaie,Phanérophyte,phanérophyte,OK,,,,,,,
0,79887,"Achillea erba-rotta All., 1773",heri,hémicryptophytaie,Hémicryptophyte,hémicryptophyte,OK,,,,,,,
0,79908,"Achillea millefolium L., 1753",hsto,hémicryptophytaie,Hémicryptophyte,hémicryptophyte,OK,,,,,,,
0,79913,"Achillea nana L., 1753",heri,hémicryptophytaie,Hémicryptophyte,hémicryptophyte,OK,,,,,,,
0,79921,"Achillea ptarmica L., 1753",grhi,hémicryptophytaie,Hémicryptophyte,hémicryptophyte,OK,,,,,,,
0,79939,"Achillea tomentosa L., 1753",heri,hémicryptophytaie,Hémicryptophyte,hémicryptophyte,OK,,,,,,,
0,80007,"Aconitum anthora L., 1753",Heri,hémicryptophytaie,Géophyte à tubercule,géophyte,cohérence FG FM,,,,,,,
0,80034,"Aconitum lycoctonum L., 1753",Heri,hémicryptophytaie,Hémicryptophyte,hémicryptophyte,OK,,,,,,,
0,80037,"Aconitum napellus L., 1753",Heri,hémicryptophytaie,Géophyte à tubercule,géophyte,cohérence FG FM,,,,,,,
0,80066,"Aconitum variegatum L., 1753",Heri,hémicryptophytaie,Géophyte à tubercule,géophyte,cohérence FG FM,,,,,,,
0,80086,"Acorus calamus L., 1753",Grhi,hémicryptophytaie,Hémicryptophyte,hémicryptophyte,OK,,,,,,,
0,80137,"Actaea spicata L., 1753",grhi,hémicryptophytaie,Géophyte à rhizome,géophyte,?,,,,,,,
1,447951,"Adiantum capillus-veneris L., 1753",grhi,hémicryptophytaie,Hémicryptophyte,hémicryptophyte,suit FG ,,,,,,,
0,447951,"Adiantum capillus-veneris L., 1753",grhi,hémicryptophytaie,Hémicryptophyte,hémicryptophyte,suit FG ,,,,,,,
0,80212,"Adonis annua L., 1753 [nom. et typ. cons.]",test,thérophytaie,Thérophyte,thérophyte,OK,,,,,,,
0,80240,"Adonis vernalis L., 1753",heri,hémicryptophytaie,Géophyte à rhizome,hémicryptophyte,suit FG ,,,,,,,
0,80322,"Aegopodium podagraria L., 1753",hsto,hémicryptophytaie,Hémicryptophyte,hémicryptophyte,OK,,,,,,,
0,80358,"Aethusa cynapium L., 1753",test(hbis),thérophytaie,Thérophyte,thérophyte,OK,,,,,,,
1,80383,"Agave americana L., 1753",b-suc,nanophanérophytaie,Hémicryptophyte,phanérophyte,suit FG ,,,,,,,
0,80383,"Agave americana L., 1753",b-suc,nanophanérophytaie,Phanérophyte,phanérophyte,OK,,,,,,,
0,80410,"Agrimonia eupatoria L., 1753",hros,hémicryptophytaie,Hémicryptophyte,hémicryptophyte,OK,,,,,,,
0,80417,"Agrimonia procera Wallr., 1840",hros,hémicryptophytaie,Hémicryptophyte,hémicryptophyte,OK,,,,,,,
0,80546,"Agrostemma githago L., 1753",Test,thérophytaie,Thérophyte,thérophyte,OK,,,,,,,
0,80824,"Ailanthus altissima (Mill.) Swingle, 1916",A-cad,magnophanérophytaie,Phanérophyte,phanérophyte,OK,,,,,,,
0,80978,"Ajuga chamaepitys (L.) Schreb., 1773",test,thérophytaie,Thérophyte,thérophyte,OK,,,,,,,
0,80980,"Ajuga genevensis L., 1753",heri,hémicryptophytaie,Hémicryptophyte,hémicryptophyte,OK,,,,,,,
0,80988,"Ajuga pyramidalis L., 1753",hros,hémicryptophytaie,Hémicryptophyte,hémicryptophyte,OK,,,,,,,
0,80990,"Ajuga reptans L., 1753",hros,hémicryptophytaie,Hémicryptophyte,hémicryptophyte,OK,,,,,,,
0,72459,"Alaria esculenta (L.) Grev., 1830",NA,NA,NA,NA,OK,,,,,,,
0,81027,"Alchemilla acutiloba Opiz, 1838",heri,hémicryptophytaie,Hémicryptophyte,hémicryptophyte,OK,,,,,,,
0,81033,"Alchemilla alpina L., 1753",heri,hémicryptophytaie,Hémicryptophyte,hémicryptophyte,OK,,,,,,,
0,81287,"Alkanna matthioli Tausch, 1824",hsto,hémicryptophytaie,Hémicryptophyte,hémicryptophyte,OK,,,,,,,
0,81295,"Alliaria petiolata (M.Bieb.) Cavara & Grande, 1913",hros,hémicryptophytaie,Hémicryptophyte,hémicryptophyte,OK,,,,,,,
1,81499,"Allium roseum L., 1753",gbul,géophytaie,Géophyte,géophyte,OK,,,,,,,
0,81499,"Allium roseum L., 1753",gbul,géophytaie,Géophyte à bulbe,géophyte,OK,,,,,,,
1,81508,"Allium schoenoprasum L., 1753",gbul,géophytaie,Géophyte,géophyte,OK,,,,,,,
0,81508,"Allium schoenoprasum L., 1753",gbul,géophytaie,Géophyte à bulbe,géophyte,OK,,,,,,,
1,81541,"Allium ursinum L., 1753",gbul,hémicryptophytaie,Géophyte,géophyte,?,,,,,,,
0,81541,"Allium ursinum L., 1753",gbul,hémicryptophytaie,Géophyte à bulbe,géophyte,?,,,,,,,
0,81543,"Allium victorialis L., 1753",gbul,hémicryptophytaie,Géophyte à rhizome,géophyte,?,,,,,,,
0,81563,"Alnus alnobetula (Ehrh.) K.Koch, 1872",b-cad,nanophanérophytaie,Nanophanérophyte,phanérophyte,OK,,,,,,,
0,81569,"Alnus glutinosa (L.) Gaertn., 1790",A-cad,magnophanérophytaie,Phanérophyte,phanérophyte,OK,,,,,,,
0,81570,"Alnus incana (L.) Moench, 1794",a-cad,magnophanérophytaie,Phanérophyte,phanérophyte,OK,,,,,,,
0,81856,"Althaea officinalis L., 1753",Grhi(Heri),hémicryptophytaie,Hémicryptophyte,hémicryptophyte,OK,,,,,,,
0,82018,"Amaranthus retroflexus L., 1753",Test,thérophytaie,Thérophyte,thérophyte,OK,,,,,,,
0,82080,"Ambrosia artemisiifolia L., 1753",Test,thérophytaie,Thérophyte,thérophyte,OK,,,,,,,
0,82130,"Ammi majus L., 1753",test,thérophytaie,Thérophyte,thérophyte,OK,,,,,,,
0,618756,"Anchusa azurea Mill., 1768",hros,hémicryptophytaie,Hémicryptophyte,hémicryptophyte,OK,,,,,,,
0,82391,"Anchusa officinalis L., 1753",hros(hbis),hémicryptophytaie,Hémicryptophyte,hémicryptophyte,OK,,,,,,,
0,101253,"Hepatica nobilis Schreb., 1771",hsto,hémicryptophytaie,Hémicryptophyte,hémicryptophyte,OK,,,,,,,
1,82637,"Anemone nemorosa L., 1753",grhi,hémicryptophytaie,Géophyte à rhizome,géophyte,suit FG ,,,,,,,
0,82637,"Anemone nemorosa L., 1753",grhi,hémicryptophytaie,Hémicryptophyte,géophyte,OK,,,,,,,
0,116460,"Pulsatilla vulgaris Mill., 1768",heri,hémicryptophytaie,Hémicryptophyte,hémicryptophyte,OK,,,,,,,
1,82656,"Anemone ranunculoides L., 1753",grhi,hémicryptophytaie,Géophyte à rhizome,géophyte,?,,,,,,,
0,82656,"Anemone ranunculoides L., 1753",grhi,hémicryptophytaie,Hémicryptophyte,géophyte,OK,,,,,,,
0,116459,"Pulsatilla vernalis (L.) Mill., 1768",heri,hémicryptophytaie,Hémicryptophyte,hémicryptophyte,OK,,,,,,,
1,82738,"Angelica sylvestris L., 1753",Hbis,hémicryptophytaie,Hémicryptophyte,hémicryptophyte,OK,,,,,,,
0,82738,"Angelica sylvestris L., 1753",Hbis,hémicryptophytaie,Hémicryptophyte,hémicryptophyte,OK,,,,,,,
0,82796,"Antennaria dioica (L.) Gaertn., 1791",hsto,hémicryptophytaie,Hémicryptophyte,hémicryptophyte,OK,,,,,,,
0,82922,"Anthoxanthum odoratum L., 1753",hces,hémicryptophytaie,Hémicryptophyte,hémicryptophyte,OK,,,,,,,
0,82952,"Anthriscus sylvestris (L.) Hoffm., 1814",Heri,hémicryptophytaie,Hémicryptophyte,hémicryptophyte,OK,,,,,,,
0,82999,"Anthyllis vulneraria L., 1753",hsto,hémicryptophytaie,Hémicryptophyte,hémicryptophyte,OK,,,,,,,
1,83058,"Antirrhinum majus L., 1753",heri,hémicryptophytaie,Chaméphyte,hémicryptophyte,?,,,,,,,
0,83058,"Antirrhinum majus L., 1753",heri,hémicryptophytaie,Hémicryptophyte,hémicryptophyte,OK,,,,,,,
0,83195,"Apium graveolens L., 1753",hros,hémicryptophytaie,Hémicryptophyte,hémicryptophyte,OK,,,,,,,
0,83267,"Aquilegia vulgaris L., 1753",heri,hémicryptophytaie,Hémicryptophyte,hémicryptophyte,OK,,,,,,,
1,83481,"Arbutus unedo L., 1753",a-semp,magnophanérophytaie,Nanophanérophyte,phanérophyte,OK,,,,,,,
0,83481,"Arbutus unedo L., 1753",a-semp,magnophanérophytaie,Phanérophyte,phanérophyte,OK,,,,,,,
0,83499,"Arctium lappa L., 1753",Hbis,hémicryptophytaie,Hémicryptophyte,hémicryptophyte,OK,,,,,,,
0,83502,"Arctium minus (Hill) Bernh., 1800",Hbis,hémicryptophytaie,Hémicryptophyte,hémicryptophyte,OK,,,,,,,
0,83528,"Arctostaphylos uva-ursi (L.) Spreng., 1825",Cfru,parvochaméphytaie,Chaméphyte,chaméphyte,OK,,,,,,,
0,83653,"Arenaria serpyllifolia L., 1753",test(hbis),thérophytaie,Thérophyte,thérophyte,OK,,,,,,,
0,117874,"Roemeria argemone (L.) C.Morales, R.Mend. & Romero García, 1988",test,thérophytaie,NA,thérophyte,OK,117874,0,Roemeria argemone,test,thérophytaie,NA,thérophyte
0,83714,"Argentina anserina (L.) Rydb., 1899",hsto,hémicryptophytaie,Hémicryptophyte,hémicryptophyte,OK,,,,,,,
1,83777,"Aristolochia clematitis L., 1753",grhi,hémicryptophytaie,Géophyte,géophyte,?,,,,,,,
0,83777,"Aristolochia clematitis L., 1753",grhi,hémicryptophytaie,Géophyte à rhizome,géophyte,?,,,,,,,
1,83793,"Aristolochia rotunda L., 1753",gtub,hémicryptophytaie,Géophyte,géophyte,?,,,,,,,
0,83793,"Aristolochia rotunda L., 1753",gtub,hémicryptophytaie,Géophyte à tubercule,géophyte,?,,,,,,,
0,83832,"Armeria maritima (Mill.) Willd., 1809",hces,hémicryptophytaie,NA,hémicryptophyte,OK,,,,,,,
0,83866,"Armoracia rusticana G.Gaertn., B.Mey. & Scherb., 1800",Hros,hémicryptophytaie,Hémicryptophyte,hémicryptophyte,OK,,,,,,,
0,83874,"Arnica montana L., 1753",hros,hémicryptophytaie,Hémicryptophyte,hémicryptophyte,OK,,,,,,,
0,83912,"Arrhenatherum elatius (L.) P.Beauv. ex J.Presl & C.Presl, 1819",Hces,hémicryptophytaie,Hémicryptophyte,hémicryptophyte,OK,,,,,,,
0,83933,"Artemisia absinthium L., 1753",Heri,hémicryptophytaie,Hémicryptophyte,hémicryptophyte,OK,,,,,,,
0,83938,"Artemisia annua L., 1753",Test,thérophytaie,Thérophyte,thérophyte,OK,,,,,,,
0,83969,"Artemisia eriantha Ten., 1831",hces,hémicryptophytaie,Chaméphyte,hémicryptophyte,?,,,,,,,
0,83973,"Artemisia genipi Weber, 1775",hces,hémicryptophytaie,Chaméphyte,hémicryptophyte,?,,,,,,,
0,83974,"Artemisia glacialis L., 1763",hces,hémicryptophytaie,Chaméphyte,hémicryptophyte,?,,,,,,,
0,84003,"Artemisia maritima L., 1753",csuf(grhi),hémicryptophytaie,NA,hémicryptophyte,OK,,,,,,,
0,84053,"Artemisia umbelliformis Lam., 1783",hces,hémicryptophytaie,Chaméphyte,hémicryptophyte,?,,,,,,,
0,84053,"Artemisia umbelliformis Lam., 1783",hces,hémicryptophytaie,Chaméphyte,hémicryptophyte,?,,,,,,,
0,84061,"Artemisia vulgaris L., 1753",Heri,hémicryptophytaie,Hémicryptophyte,hémicryptophyte,OK,,,,,,,
1,84110,"Arum italicum Mill., 1768",gbul,hémicryptophytaie,Géophyte,géophyte,?,,,,,,,
0,84110,"Arum italicum Mill., 1768",gbul,hémicryptophytaie,Géophyte à tubercule,géophyte,?,,,,,,,
1,84112,"Arum maculatum L., 1753",gbul,hémicryptophytaie,Géophyte,géophyte,?,,,,,,,
0,84112,"Arum maculatum L., 1753",gbul,hémicryptophytaie,Géophyte à tubercule,géophyte,?,,,,,,,
0,84135,"Aruncus dioicus (Walter) Fernald, 1939",Grhi,hémicryptophytaie,Hémicryptophyte,hémicryptophyte,OK,,,,,,,
1,84173,"Arundo donax L., 1753",Hsto,hémicryptophytaie,Géophyte,géophyte,cohérence FG FM,,,,,,,
0,84173,"Arundo donax L., 1753",Hsto,hémicryptophytaie,Géophyte à rhizome,géophyte,cohérence FG FM,,,,,,,
0,84195,"Arundo micrantha Lam., 1791",Hsto,hémicryptophytaie,Géophyte à rhizome,géophyte,cohérence FG FM,,,,,,,
0,84230,"Asarum europaeum L., 1753",grhi,hémicryptophytaie,Géophyte à rhizome,géophyte,?,,,,,,,
1,84251,"Asclepias syriaca L., 1753",Heri,hémicryptophytaie,Géophyte,hémicryptophyte,FG nph,,,,,,,
0,84251,"Asclepias syriaca L., 1753",Heri,hémicryptophytaie,Hémicryptophyte,hémicryptophyte,OK,,,,,,,
0,72498,"Ascophyllum nodosum (L.) Le Jolis, 1863",NA,NA,NA,NA,OK,,,,,,,
0,72500,"Asparagopsis armata Harvey, 1855",NA,NA,NA,NA,OK,,,,,,,
0,84279,"Asparagus officinalis L., 1753",Grhi,hémicryptophytaie,Géophyte à rhizome,géophyte,?,,,,,,,
0,84306,"Asperula cynanchica L., 1753",hsto,hémicryptophytaie,Hémicryptophyte,hémicryptophyte,OK,,,,,,,
0,84330,"Asperula tinctoria L., 1753",hsto,hémicryptophytaie,Hémicryptophyte,hémicryptophyte,OK,,,,,,,
0,84338,"Asphodelus albus Mill., 1768",Gtub,hémicryptophytaie,Géophyte à rhizome,géophyte,?,,,,,,,
0,84458,"Asplenium adiantum-nigrum L., 1753",hces,hémicryptophytaie,Hémicryptophyte,hémicryptophyte,OK,,,,,,,
0,84472,"Asplenium ceterach L., 1753",hces,hémicryptophytaie,Hémicryptophyte,hémicryptophyte,OK,,,,,,,
0,84524,"Asplenium scolopendrium L., 1753",hces,hémicryptophytaie,Hémicryptophyte,hémicryptophyte,OK,,,,,,,
0,84936,"Astrantia major L., 1753",heri,hémicryptophytaie,Hémicryptophyte,hémicryptophyte,OK,,,,,,,
0,85152,"Atropa bella-donna L., 1753",Heri,hémicryptophytaie,Hémicryptophyte,hémicryptophyte,OK,,,,,,,
0,85502,"Ballota nigra L., 1753",heri,hémicryptophytaie,Hémicryptophyte,hémicryptophyte,OK,,,,,,,
1,761965,"Barbarea vulgaris W.T.Aiton, 1812",hros,hémicryptophytaie,Hémicryptophyte,hémicryptophyte,OK,,,,,,,
0,761965,"Barbarea vulgaris W.T.Aiton, 1812",hros,hémicryptophytaie,Hémicryptophyte,hémicryptophyte,OK,,,,,,,
0,85745,"Bellis sylvestris Cirillo, 1792",hros,hémicryptophytaie,Hémicryptophyte,hémicryptophyte,OK,,,,,,,
0,85740,"Bellis perennis L., 1753",hros,hémicryptophytaie,Hémicryptophyte,hémicryptophyte,OK,,,,,,,
0,85774,"Berberis vulgaris L., 1753",b-cad,nanophanérophytaie,Nanophanérophyte,phanérophyte,OK,,,,,,,
1,85820,"Beta vulgaris L., 1753",Hbis(Test),hémicryptophytaie,Hémicryptophyte,hémicryptophyte,OK,,,,,,,
0,85820,"Beta vulgaris L., 1753",Hbis(Test),hémicryptophytaie,Hémicryptophyte,hémicryptophyte,OK,,,,,,,
0,85852,"Betonica officinalis L., 1753",heri,hémicryptophytaie,Hémicryptophyte,hémicryptophyte,OK,,,,,,,
0,85903,"Betula pendula Roth, 1788",A-cad,magnophanérophytaie,Phanérophyte,phanérophyte,OK,,,,,,,
0,85904,"Betula pubescens Ehrh., 1791",B-cad,microphanérophytaie,Phanérophyte,phanérophyte,OK,,,,,,,
0,85972,"Bidens pilosa L., 1753",test,thérophytaie,Thérophyte,thérophyte,OK,,,,,,,
0,72522,"Bifurcaria bifurcata R.Ross, 1958",NA,NA,NA,NA,OK,,,,,,,
0,86081,"Bistorta officinalis Delarbre, 1800",Heri(Grhi),hémicryptophytaie,Géophyte à rhizome,géophyte,cohérence FG FM,,,,,,,
0,86087,"Blackstonia perfoliata (L.) Huds., 1762",test,thérophytaie,Thérophyte,thérophyte,OK,,,,,,,
0,994837,"Blitum bonus-henricus (L.) Rchb., 1832",heri,hémicryptophytaie,Hémicryptophyte,hémicryptophyte,OK,,,,,,,
0,86156,"Borago officinalis L., 1753",test,thérophytaie,Thérophyte,thérophyte,OK,,,,,,,
0,86490,"Briza media L., 1753",hsto,hémicryptophytaie,Hémicryptophyte,hémicryptophyte,OK,,,,,,,
0,86828,"Bryonia dioica Jacq., 1774",Gbul-lia,hémicryptophytaie,NA,hémicryptophyte,OK,,,,,,,
0,86890,"Buglossoides arvensis (L.) I.M.Johnst., 1954",test,thérophytaie,Thérophyte,thérophyte,OK,,,,,,,
0,86969,"Bunias erucago L., 1753",test(hbis),thérophytaie,Thérophyte,thérophyte,OK,,,,,,,
0,87044,"Bupleurum falcatum L., 1753",Heri,hémicryptophytaie,Hémicryptophyte,hémicryptophyte,OK,,,,,,,
1,87143,"Buxus sempervirens L., 1753",B-semp,microphanérophytaie,Nanophanérophyte,phanérophyte,OK,,,,,,,
0,87143,"Buxus sempervirens L., 1753",B-semp,microphanérophytaie,Phanérophyte,phanérophyte,OK,,,,,,,
0,87420,"Calendula arvensis L., 1763",test,thérophytaie,Thérophyte,thérophyte,OK,,,,,,,
0,87501,"Calluna vulgaris (L.) Hull, 1808",Cfru-semp,magnochaméphytaie,Chaméphyte,chaméphyte,OK,,,,,,,
0,87540,"Caltha palustris L., 1753",hces,hémicryptophytaie,Hémicryptophyte,hémicryptophyte,OK,,,,,,,
0,87690,"Campanula patula L., 1753",hbis,hémicryptophytaie,Hémicryptophyte,hémicryptophyte,OK,,,,,,,
0,87712,"Campanula rapunculus L., 1753",hbis,hémicryptophytaie,Hémicryptophyte,hémicryptophyte,OK,,,,,,,
0,87720,"Campanula rotundifolia L., 1753",heri,hémicryptophytaie,Hémicryptophyte,hémicryptophyte,OK,,,,,,,
0,87742,"Campanula trachelium L., 1753",Heri,hémicryptophytaie,Hémicryptophyte,hémicryptophyte,OK,,,,,,,
0,87849,"Capsella bursa-pastoris (L.) Medik., 1792",test,thérophytaie,Thérophyte,thérophyte,OK,,,,,,,
0,87964,"Cardamine pratensis L., 1753",hros,hémicryptophytaie,Hémicryptophyte,hémicryptophyte,OK,,,,,,,
0,89147,"Carlina acaulis L., 1753",hbis,hémicryptophytaie,Hémicryptophyte,hémicryptophyte,OK,,,,,,,
0,89180,"Carlina vulgaris L., 1753",hbis,hémicryptophytaie,Hémicryptophyte,hémicryptophyte,OK,,,,,,,
0,89200,"Carpinus betulus L., 1753",A-cad,magnophanérophytaie,Phanérophyte,phanérophyte,OK,,,,,,,
0,89232,"Carthamus lanatus L., 1753",test,thérophytaie,Thérophyte,thérophyte,OK,,,,,,,
0,89250,"Carum carvi L., 1753",heri,hémicryptophytaie,Hémicryptophyte,hémicryptophyte,OK,,,,,,,
0,89304,"Castanea sativa Mill., 1768",A-cad,magnophanérophytaie,Phanérophyte,phanérophyte,OK,,,,,,,
0,89452,"Cedrus atlantica (Endl.) Manetti ex Carrière, 1855",A-semp,magnophanérophytaie,Phanérophyte,phanérophyte,OK,,,,,,,
0,89468,"Celtis australis L., 1753",A-cad,magnophanérophytaie,Phanérophyte,phanérophyte,OK,,,,,,,
0,89531,"Centaurea benedicta (L.) L., 1763",test,thérophytaie,Thérophyte,thérophyte,OK,,,,,,,
0,89542,"Centaurea calcitrapa L., 1753",hbis,hémicryptophytaie,Hémicryptophyte,hémicryptophyte,OK,,,,,,,
0,89619,"Centaurea jacea L., 1753",heri,hémicryptophytaie,Hémicryptophyte,hémicryptophyte,OK,,,,,,,
0,89653,"Centaurea nigra L., 1753",heri,hémicryptophytaie,Hémicryptophyte,hémicryptophyte,OK,,,,,,,
0,89840,"Centaurium erythraea Rafn, 1800",test(hbis),thérophytaie,Hémicryptophyte,hémicryptophyte,cohérence FG FM,,,,,,,
0,89888,"Centranthus ruber (L.) DC., 1805",heri,hémicryptophytaie,Chaméphyte,hémicryptophyte,?,,,,,,,
0,447038,"Ceratonia siliqua L., 1753",a-semp,magnophanérophytaie,Phanérophyte,phanérophyte,OK,,,,,,,
0,90234,"Cercis siliquastrum L., 1753",a-cad,magnophanérophytaie,Phanérophyte,phanérophyte,OK,,,,,,,
0,59040,"Cetraria islandica (L.) Ach., 1803",NA,NA,NA,NA,OK,,,,,,,
0,90470,"Chamaemelum nobile (L.) All., 1785",hsto,hémicryptophytaie,Hémicryptophyte,hémicryptophyte,OK,,,,,,,
1,161772,"Charybdis maritima (L.) Speta, 1998",Gbul,hémicryptophytaie,Géophyte,géophyte,?,,,,,,,
0,161772,"Charybdis maritima (L.) Speta, 1998",Gbul,hémicryptophytaie,Géophyte à bulbe,géophyte,?,,,,,,,
1,90669,"Chelidonium majus L., 1753",heri,hémicryptophytaie,Thérophyte,hémicryptophyte,?,,,,,,,
0,90669,"Chelidonium majus L., 1753",heri,hémicryptophytaie,Hémicryptophyte,hémicryptophyte,OK,,,,,,,
0,90681,"Chenopodium album L., 1753",Test,thérophytaie,Thérophyte,thérophyte,OK,,,,,,,
0,90836,"Chenopodium vulvaria L., 1753",test,thérophytaie,Thérophyte,thérophyte,OK,,,,,,,
0,717139,"Chiliadenus glutinosus (L.) Fourr., 1869",hsto,hémicryptophytaie,Hémicryptophyte,hémicryptophyte,OK,,,,,,,
0,90954,"Chondrilla juncea L., 1753",hbis,géophytaie,Hémicryptophyte,hémicryptophyte,?,,,,,,,
0,72590,"Chondrus crispus Stackh., 1797",NA,NA,NA,NA,OK,,,,,,,
1,91169,"Cichorium intybus L., 1753",Heri,hémicryptophytaie,Thérophyte,hémicryptophyte,?,,,,,,,
0,91169,"Cichorium intybus L., 1753",Heri,hémicryptophytaie,Hémicryptophyte,hémicryptophyte,OK,,,,,,,
0,91199,"Cicuta virosa L., 1753",Heri,hémicryptophytaie,Hydrophyte,hydrophyte,?,,,,,,,
0,621080,"Cirsium acaulon (L.) Scop., 1769",hros,hémicryptophytaie,Hémicryptophyte,hémicryptophyte,OK,,,,,,,
1,91289,"Cirsium arvense (L.) Scop., 1772",Grhi,hémicryptophytaie,Géophyte,géophyte,?,,,,,,,
0,91289,"Cirsium arvense (L.) Scop., 1772",Grhi,hémicryptophytaie,Géophyte à rhizome,géophyte,?,,,,,,,
0,91410,"Cirsium spinosissimum (L.) Scop., 1769",heri,hémicryptophytaie,Hémicryptophyte,hémicryptophyte,OK,,,,,,,
0,91680,"Cistus ladanifer L., 1753",Cfru,magnochaméphytaie,Nanophanérophyte,phanérophyte,?,,,,,,,
0,91880,"Clematis recta L., 1753",Heri,hémicryptophytaie,Hémicryptophyte,hémicryptophyte,OK,,,,,,,
0,91886,"Clematis vitalba L., 1753",A-lia-cad,magnophanérophytaie,Phanérophyte lianescente,phanérophyte,OK,,,,,,,
0,91904,"Clinopodium grandiflorum (L.) Kuntze, 1891",hsto,hémicryptophytaie,Hémicryptophyte,hémicryptophyte,OK,,,,,,,
0,91910,"Clinopodium nepeta (L.) Kuntze, 1891",hsto,hémicryptophytaie,Hémicryptophyte,hémicryptophyte,OK,,,,,,,
0,91910,"Clinopodium nepeta (L.) Kuntze, 1891",hsto,hémicryptophytaie,Hémicryptophyte,hémicryptophyte,OK,,,,,,,
0,91912,"Clinopodium vulgare L., 1753",hsto,hémicryptophytaie,Hémicryptophyte,hémicryptophyte,OK,,,,,,,
0,92052,"Cochlearia officinalis L., 1753",heri,hémicryptophytaie,Hémicryptophyte,hémicryptophyte,OK,,,,,,,
0,92127,"Colchicum autumnale L., 1753",gbul,hémicryptophytaie,Géophyte à corme,géophyte,?,,,,,,,
1,92196,"Colutea arborescens L., 1753",b-cad,nanophanérophytaie,Nanophanérophyte,phanérophyte,OK,,,,,,,
0,92196,"Colutea arborescens L., 1753",b-cad,nanophanérophytaie,Phanérophyte,phanérophyte,OK,,,,,,,
0,92237,"Conium maculatum L., 1753",hbis,hémicryptophytaie,Hémicryptophyte,hémicryptophyte,OK,,,,,,,
1,92282,"Convallaria majalis L., 1753",grhi,hémicryptophytaie,Géophyte,géophyte,?,,,,,,,
0,92282,"Convallaria majalis L., 1753",grhi,hémicryptophytaie,Géophyte à rhizome,géophyte,?,,,,,,,
0,92302,"Convolvulus arvensis L., 1753",hsto-lia(Grhi-lia),hémicryptophytaie,Géophyte,géophyte,cohérence FG FM,,,,,,,
0,92353,"Convolvulus sepium L., 1753",Hsto-lia(Grhi-lia),hémicryptophytaie,Hémicryptophyte,hémicryptophyte,OK,,,,,,,
0,778610,"Ellisolandia elongata (J.Ellis & Sol.) K.R.Hind & G.W.Saunders, 2013",NA,NA,NA,NA,OK,,,,,,,
0,92467,"Coriaria myrtifolia L., 1753",b-cad,nanophanérophytaie,Nanophanérophyte,phanérophyte,OK,,,,,,,
0,92497,"Cornus mas L., 1753",B-cad,microphanérophytaie,Nanophanérophyte,phanérophyte,OK,,,,,,,
0,92501,"Cornus sanguinea L., 1753",b-cad,nanophanérophytaie,Nanophanérophyte,phanérophyte,OK,,,,,,,
0,92566,"Corrigiola litoralis L., 1753",test,thérophytaie,Thérophyte,thérophyte,OK,,,,,,,
1,92606,"Corylus avellana L., 1753",a-cad,magnophanérophytaie,Nanophanérophyte,phanérophyte,OK,,,,,,,
0,92606,"Corylus avellana L., 1753",a-cad,magnophanérophytaie,Phanérophyte,phanérophyte,OK,,,,,,,
0,92631,"Cotinus coggygria Scop., 1771",B-cad,microphanérophytaie,Nanophanérophyte,phanérophyte,OK,,,,,,,
0,92824,"Crataegus azarolus L., 1753",B-cad,microphanérophytaie,Nanophanérophyte,phanérophyte,OK,,,,,,,
0,92854,"Crataegus germanica (L.) Kuntze, 1891",B-cad,microphanérophytaie,Nanophanérophyte,phanérophyte,OK,,,,,,,
1,92864,"Crataegus laevigata (Poir.) DC., 1825",B-cad,microphanérophytaie,Nanophanérophyte,phanérophyte,OK,,,,,,,
0,92864,"Crataegus laevigata (Poir.) DC., 1825",B-cad,microphanérophytaie,Phanérophyte,phanérophyte,OK,,,,,,,
1,92876,"Crataegus monogyna Jacq., 1775",B-cad,microphanérophytaie,Nanophanérophyte,phanérophyte,OK,,,,,,,
0,92876,"Crataegus monogyna Jacq., 1775",B-cad,microphanérophytaie,Phanérophyte,phanérophyte,OK,,,,,,,
0,93045,"Crepis foetida L., 1753",test,thérophytaie,Thérophyte,thérophyte,OK,,,,,,,
0,93129,"Crepis sancta (L.) Bornm., 1913",tver,thérophytaie,Thérophyte,thérophyte,OK,,,,,,,
0,93157,"Crepis vesicaria L., 1753",hbis(test),hémicryptophytaie,Thérophyte,thérophyte,?,,,,,,,
0,93190,"Crithmum maritimum L., 1753",hces,hémicryptophytaie,Hémicryptophyte,hémicryptophyte,OK,,,,,,,
0,93308,"Cruciata laevipes Opiz, 1852",heri,hémicryptophytaie,Hémicryptophyte,hémicryptophyte,OK,,,,,,,
0,93590,"Cupressus sempervirens L., 1753",A-semp,magnophanérophytaie,Phanérophyte,phanérophyte,OK,,,,,,,
0,93621,"Cuscuta epithymum (L.) L., 1774",test-lia-par,hémicryptophytaie,Thérophyte,thérophyte,?,,,,,,,
0,93623,"Cuscuta europaea L., 1753",Test-lia-par,hémicryptophytaie,Thérophyte,thérophyte,?,,,,,,,
0,93673,"Cyanus montanus (L.) Hill, 1768",heri,hémicryptophytaie,Hémicryptophyte,hémicryptophyte,OK,,,,,,,
0,93680,"Cyanus segetum Hill, 1762",test,thérophytaie,Thérophyte,thérophyte,OK,,,,,,,
0,93708,"Cyclamen purpurascens Mill., 1768",gtub,hémicryptophytaie,Géophyte à tubercule,géophyte,?,,,,,,,
1,93803,"Cynodon dactylon (L.) Pers., 1805",grhi,hémicryptophytaie,Géophyte,géophyte,?,,,,,,,
0,93803,"Cynodon dactylon (L.) Pers., 1805",grhi,hémicryptophytaie,Hémicryptophyte,hémicryptophyte,OK,,,,,,,
0,93840,"Cynoglossum officinale L., 1753",hbis,hémicryptophytaie,Hémicryptophyte,hémicryptophyte,OK,,,,,,,
1,93967,"Cyperus longus L., 1753",Grhi,hémicryptophytaie,Géophyte,géophyte,suit FG ,,,,,,,
0,93967,"Cyperus longus L., 1753",Grhi,hémicryptophytaie,Hémicryptophyte,géophyte,suit FG ,,,,,,,
1,94011,"Cyperus rotundus L., 1753",grhi,hémicryptophytaie,Géophyte,géophyte,?,,,,,,,
0,94011,"Cyperus rotundus L., 1753",grhi,hémicryptophytaie,Géophyte à tubercule,géophyte,?,,,,,,,
0,94164,"Cytisus scoparius (L.) Link, 1822",b-cad,nanophanérophytaie,Nanophanérophyte,phanérophyte,OK,,,,,,,
0,94207,"Dactylis glomerata L., 1753",Hces,hémicryptophytaie,Hémicryptophyte,hémicryptophyte,OK,,,,,,,
0,94266,"Dactylorhiza maculata (L.) Soó, 1962",gtub,hémicryptophytaie,Géophyte à tubercule,géophyte,?,,,,,,,
1,94427,"Daphne gnidium L., 1753",b-semp,nanophanérophytaie,Chaméphyte,phanérophyte,flora gallica,,,,,,,
0,94427,"Daphne gnidium L., 1753",b-semp,nanophanérophytaie,Phanérophyte,phanérophyte,OK,,,,,,,
1,94432,"Daphne laureola L., 1753",Cfru-semp,magnochaméphytaie,Nanophanérophyte,phanérophyte,?,,,,,,,
0,94432,"Daphne laureola L., 1753",Cfru-semp,magnochaméphytaie,Phanérophyte,phanérophyte,?,,,,,,,
0,94435,"Daphne mezereum L., 1753",Cfru-semp,hémicryptophytaie,Chaméphyte,chaméphyte,?,,,,,,,
0,94489,"Datura stramonium L., 1753",Test,thérophytaie,Thérophyte,thérophyte,OK,,,,,,,
0,94503,"Daucus carota L., 1753",hbis,hémicryptophytaie,Hémicryptophyte,hémicryptophyte,OK,,,,,,,
0,72666,"Delesseria sanguinea (Hudson) J.V.Lamour., 1813",NA,NA,NA,NA,OK,,,,,,,
0,94572,"Delphinium consolida L., 1753",test,thérophytaie,Thérophyte,thérophyte,OK,,,,,,,
0,94590,"Delphinium montanum DC., 1815",heri,hémicryptophytaie,Hémicryptophyte,hémicryptophyte,OK,,,,,,,
0,94626,"Deschampsia cespitosa (L.) P.Beauv., 1812",Hces,hémicryptophytaie,Hémicryptophyte,hémicryptophyte,OK,,,,,,,
0,94645,"Descurainia sophia (L.) Webb ex Prantl, 1891",test,thérophytaie,Thérophyte,thérophyte,OK,,,,,,,
0,94716,"Dianthus carthusianorum L., 1753",heri,hémicryptophytaie,Chaméphyte,hémicryptophyte,?,,,,,,,
0,94923,"Dictamnus albus L., 1753",heri,hémicryptophytaie,Hémicryptophyte,hémicryptophyte,OK,,,,,,,
0,94945,"Digitalis lutea L., 1753",Hbis,hémicryptophytaie,Hémicryptophyte,hémicryptophyte,OK,,,,,,,
1,94959,"Digitalis purpurea L., 1753",Hbis,hémicryptophytaie,Hémicryptophyte,hémicryptophyte,OK,,,,,,,
0,94959,"Digitalis purpurea L., 1753",Hbis,hémicryptophytaie,Hémicryptophyte,hémicryptophyte,OK,,,,,,,
0,72701,"Dilsea carnosa (Schmidel) Kuntze, 1898",NA,NA,NA,NA,OK,,,,,,,
1,611652,"Dioscorea communis (L.) Caddick & Wilkin, 2002",Gbul-lia,nanophanérophytaie,Géophyte,géophyte,?,,,,,,,
0,611652,"Dioscorea communis (L.) Caddick & Wilkin, 2002",Gbul-lia,nanophanérophytaie,Géophyte à tubercule,géophyte,?,,,,,,,
1,95136,"Diplotaxis tenuifolia (L.) DC., 1821",heri,hémicryptophytaie,Chaméphyte,hémicryptophyte,?,,,,,,,
0,95136,"Diplotaxis tenuifolia (L.) DC., 1821",heri,hémicryptophytaie,Hémicryptophyte,hémicryptophyte,OK,,,,,,,
0,95149,"Dipsacus fullonum L., 1753",Hbis,hémicryptophytaie,Hémicryptophyte,hémicryptophyte,OK,,,,,,,
0,95186,"Dittrichia graveolens (L.) Greuter, 1973",test,thérophytaie,Thérophyte,thérophyte,OK,,,,,,,
0,95187,"Dittrichia viscosa (L.) Greuter, 1973",csuf,hémicryptophytaie,Hémicryptophyte,hémicryptophyte,OK,,,,,,,
0,95239,"Doronicum pardalianches L., 1753",heri,hémicryptophytaie,Géophyte à rhizome,géophyte,cohérence FG FM,,,,,,,
1,95425,"Dracunculus vulgaris Schott, 1832",gtub,hémicryptophytaie,Géophyte,géophyte,?,,,,,,,
0,95425,"Dracunculus vulgaris Schott, 1832",gtub,hémicryptophytaie,Géophyte à tubercule,géophyte,?,,,,,,,
0,95438,"Drosera intermedia Hayne, 1798",hros-car,hémicryptophytaie,Hémicryptophyte,hémicryptophyte,OK,,,,,,,
0,95436,"Drosera anglica Huds., 1778",hros-car,hémicryptophytaie,NA,hémicryptophyte,OK,,,,,,,
0,95442,"Drosera rotundifolia L., 1753",hros-car,hémicryptophytaie,Hémicryptophyte,hémicryptophyte,OK,,,,,,,
0,95461,"Dryas octopetala L., 1753",csuf,hémicryptophytaie,Chaméphyte,chaméphyte,?,,,,,,,
1,95567,"Dryopteris filix-mas (L.) Schott, 1834",Hces,hémicryptophytaie,Géophyte,hémicryptophyte,suit FG ,,,,,,,
0,95567,"Dryopteris filix-mas (L.) Schott, 1834",Hces,hémicryptophytaie,Hémicryptophyte,hémicryptophyte,OK,,,,,,,
0,611753,"Dysphania ambrosioides (L.) Mosyakin & Clemants, 2002",test,thérophytaie,Thérophyte,thérophyte,OK,,,,,,,
0,611755,"Dysphania botrys (L.) Mosyakin & Clemants, 2002",test,thérophytaie,Thérophyte,thérophyte,OK,,,,,,,
0,95662,"Ecballium elaterium (L.) A.Rich., 1824",heri,hémicryptophytaie,Géophyte,géophyte,cohérence FG FM,,,,,,,
0,95793,"Echium vulgare L., 1753",hbis,hémicryptophytaie,Hémicryptophyte,hémicryptophyte,OK,,,,,,,
0,95806,"Eclipta prostrata (L.) L., 1771",test,thérophytaie,Thérophyte,thérophyte,OK,,,,,,,
1,96046,"Elytrigia repens (L.) Desv. ex Nevski, 1934",Grhi,hémicryptophytaie,Géophyte,géophyte,?,,,,,,,
0,96046,"Elytrigia repens (L.) Desv. ex Nevski, 1934",Grhi,hémicryptophytaie,Géophyte à rhizome,géophyte,?,,,,,,,
1,96101,"Ephedra distachya L., 1753",Cfru,chaméphytaie,Phanérophyte,chaméphyte,?,,,,,,,
0,96101,"Ephedra distachya L., 1753",Cfru,chaméphytaie,Chaméphyte,chaméphyte,OK,,,,,,,
0,90483,"Chamaenerion angustifolium (L.) Scop., 1771",Heri,hémicryptophytaie,Géophyte à rhizome,hémicryptophyte,suit FG ,,,,,,,
0,1019304,"Chamaenerion dodonaei (Vill.) Schur, 1853",hsto,hémicryptophytaie,Hémicryptophyte,hémicryptophyte,OK,,,,,,,
0,96180,"Epilobium hirsutum L., 1753",Heri,hémicryptophytaie,Hémicryptophyte,hémicryptophyte,OK,,,,,,,
0,96208,"Epilobium montanum L., 1753",heri,hémicryptophytaie,Hémicryptophyte,hémicryptophyte,OK,,,,,,,
0,96226,"Epilobium palustre L., 1753",heri,hémicryptophytaie,Hémicryptophyte,hémicryptophyte,OK,,,,,,,
0,96229,"Epilobium parviflorum Schreb., 1771",Heri,hémicryptophytaie,Hémicryptophyte,hémicryptophyte,OK,,,,,,,
0,96251,"Epilobium roseum Schreb., 1771",heri,hémicryptophytaie,Thérophyte,thérophyte,?,,,,,,,
1,96271,"Epilobium tetragonum L., 1753",Heri,hémicryptophytaie,Thérophyte,thérophyte,?,,,,,,,
0,96271,"Epilobium tetragonum L., 1753",Heri,hémicryptophytaie,Hémicryptophyte,hémicryptophyte,OK,,,,,,,
1,96508,"Equisetum arvense L., 1753",grhi,hémicryptophytaie,Géophyte,géophyte,?,,,,,,,
0,96508,"Equisetum arvense L., 1753",grhi,hémicryptophytaie,Géophyte à rhizome,géophyte,?,,,,,,,
0,96523,"Equisetum hyemale L., 1753",Grhi,hémicryptophytaie,Géophyte à rhizome,géophyte,?,,,,,,,
1,96534,"Equisetum palustre L., 1753",grhi,hémicryptophytaie,Géophyte,géophyte,?,,,,,,,
0,96534,"Equisetum palustre L., 1753",grhi,hémicryptophytaie,Géophyte à rhizome,géophyte,?,,,,,,,
0,96545,"Equisetum sylvaticum L., 1753",grhi,hémicryptophytaie,Géophyte à rhizome,géophyte,?,,,,,,,
1,96546,"Equisetum telmateia Ehrh., 1783",Grhi,hémicryptophytaie,Géophyte,géophyte,?,,,,,,,
0,96546,"Equisetum telmateia Ehrh., 1783",Grhi,hémicryptophytaie,Géophyte à rhizome,géophyte,?,,,,,,,
0,762284,"Equisetum variegatum Schleich. ex F.Weber & D.Mohr, 1807",grhi,hémicryptophytaie,Géophyte à rhizome,géophyte,?,,,,,,,
0,96664,"Erica carnea L., 1753 [nom. cons.]",Cfru-semp,parvochaméphytaie,Chaméphyte,chaméphyte,OK,,,,,,,
0,96665,"Erica ciliaris L., 1753",Cfru-semp,parvochaméphytaie,NA,chaméphyte,OK,,,,,,,
0,96667,"Erica cinerea L., 1753",Cfru-semp,parvochaméphytaie,Chaméphyte,chaméphyte,OK,,,,,,,
0,96691,"Erica scoparia L., 1753",b-semp,nanophanérophytaie,Nanophanérophyte,phanérophyte,OK,,,,,,,
0,96698,"Erica vagans L., 1770 [nom. et typ. cons.]",Cfru-semp,chaméphytaie,Chaméphyte,chaméphyte,OK,,,,,,,
0,611688,"Erigeron acris L., 1753",hbis,hémicryptophytaie,Thérophyte,thérophyte,"débat sur la durée de vie, on garde annuel",,,,,,,
0,96749,"Erigeron canadensis L., 1753",test,thérophytaie,Thérophyte,thérophyte,OK,,,,,,,
0,96895,"Erodium cicutarium (L.) L'Hér., 1789",test,thérophytaie,Thérophyte,thérophyte,OK,,,,,,,
0,97141,"Eryngium campestre L., 1753",hros,hémicryptophytaie,Hémicryptophyte,hémicryptophyte,OK,,,,,,,
0,97185,"Erysimum cheiri (L.) Crantz, 1769",csuf,hémicryptophytaie,Chaméphyte,chaméphyte,?,,,,,,,
1,609982,"Euonymus europaeus L., 1753",B-cad,microphanérophytaie,Nanophanérophyte,phanérophyte,OK,,,,,,,
0,609982,"Euonymus europaeus L., 1753",B-cad,microphanérophytaie,Phanérophyte,phanérophyte,OK,,,,,,,
0,97434,"Eupatorium cannabinum L., 1753",Heri,hémicryptophytaie,Hémicryptophyte,hémicryptophyte,OK,,,,,,,
0,97452,"Euphorbia amygdaloides L., 1753",heri,hémicryptophytaie,NA,hémicryptophyte,OK,,,,,,,
0,97490,"Euphorbia cyparissias L., 1753",hsto,hémicryptophytaie,Hémicryptophyte,hémicryptophyte,OK,,,,,,,
0,97537,"Euphorbia helioscopia L., 1753",test,thérophytaie,Thérophyte,thérophyte,OK,,,,,,,
1,97556,"Euphorbia lathyris L., 1753",Hbis,hémicryptophytaie,Chaméphyte,hémicryptophyte,cohérence FG FM,,,,,,,
0,97556,"Euphorbia lathyris L., 1753",Hbis,hémicryptophytaie,Hémicryptophyte,hémicryptophyte,OK,,,,,,,
1,97601,"Euphorbia palustris L., 1753",Heri,hémicryptophytaie,Géophyte à rhizome,géophyte,cohérence FG FM,,,,,,,
0,97601,"Euphorbia palustris L., 1753",Heri,hémicryptophytaie,Hémicryptophyte,géophyte,OK,,,,,,,
0,97776,"Euphrasia nemorosa (Pers.) Wallr., 1815",test-hpar,hémicryptophytaie,Thérophyte,thérophyte,?,,,,,,,
0,97781,"Euphrasia officinalis L., 1753",test-hpar,hémicryptophytaie,Thérophyte,thérophyte,?,,,,,,,
0,59053,"Evernia prunastri (L.) Ach., 1810",NA,NA,NA,NA,OK,,,,,,,
0,97947,"Fagus sylvatica L., 1753",A-cad,magnophanérophytaie,Phanérophyte,phanérophyte,OK,,,,,,,
0,98020,"Ferula communis L., 1753",Heri,hémicryptophytaie,Hémicryptophyte,hémicryptophyte,OK,,,,,,,
0,98023,"Ferula glauca L., 1753",Heri,hémicryptophytaie,Hémicryptophyte,hémicryptophyte,OK,,,,,,,
1,98651,"Ficaria verna Huds., 1762",gbul,hémicryptophytaie,Géophyte,hémicryptophyte,?,,,,,,,
0,98651,"Ficaria verna Huds., 1762",gbul,hémicryptophytaie,Hémicryptophyte,hémicryptophyte,OK,,,,,,,
1,98653,"Ficus carica L., 1753",B-semp,microphanérophytaie,Nanophanérophyte,phanérophyte,OK,,,,,,,
0,98653,"Ficus carica L., 1753",B-semp,microphanérophytaie,Phanérophyte,phanérophyte,OK,,,,,,,
0,98717,"Filipendula ulmaria (L.) Maxim., 1879",Hros,hémicryptophytaie,Hémicryptophyte,hémicryptophyte,OK,,,,,,,
0,98718,"Filipendula vulgaris Moench, 1794",hros,hémicryptophytaie,Géophyte à tubercule,géophyte,cohérence FG FM,,,,,,,
0,98756,"Foeniculum vulgare Mill., 1768",Heri,hémicryptophytaie,Hémicryptophyte,hémicryptophyte,OK,,,,,,,
0,98865,"Fragaria vesca L., 1753",hsto,hémicryptophytaie,Hémicryptophyte,hémicryptophyte,OK,,,,,,,
0,98887,"Frangula alnus Mill., 1768",b-cad,nanophanérophytaie,Nanophanérophyte,phanérophyte,OK,,,,,,,
0,98910,"Fraxinus angustifolia Vahl, 1804 [nom. cons.]",A-cad,magnophanérophytaie,Phanérophyte,phanérophyte,OK,,,,,,,
0,98921,"Fraxinus excelsior L., 1753",A-cad,magnophanérophytaie,Phanérophyte,phanérophyte,OK,,,,,,,
0,98933,"Fraxinus ornus L., 1753",a-cad,magnophanérophytaie,Phanérophyte,phanérophyte,OK,,,,,,,
0,98977,"Fritillaria meleagris L., 1753",gbul,hémicryptophytaie,Géophyte à bulbe,géophyte,?,,,,,,,
0,72770,"Fucus serratus L., 1753",NA,NA,NA,NA,OK,,,,,,,
0,72775,"Fucus vesiculosus L., 1753",NA,NA,NA,NA,OK,,,,,,,
0,99108,"Fumaria officinalis L., 1753",test,thérophytaie,Thérophyte,thérophyte,OK,,,,,,,
0,99233,"Galanthus nivalis L., 1753",gbul,hémicryptophytaie,Géophyte à bulbe,géophyte,?,,,,,,,
0,99244,"Galatella linosyris (L.) Rchb.f., 1854",heri,hémicryptophytaie,Hémicryptophyte,hémicryptophyte,OK,,,,,,,
0,610594,"Galatella sedifolia (L.) Greuter, 2003",heri,hémicryptophytaie,Hémicryptophyte,hémicryptophyte,OK,,,,,,,
0,99260,"Galega officinalis L., 1753",Heri,hémicryptophytaie,Hémicryptophyte,hémicryptophyte,OK,,,,,,,
0,99305,"Galeopsis ladanum L., 1753",test,thérophytaie,Thérophyte,thérophyte,OK,,,,,,,
0,99329,"Galeopsis segetum Neck., 1770",test,thérophytaie,Thérophyte,thérophyte,OK,,,,,,,
0,99334,"Galeopsis tetrahit L., 1753",test,thérophytaie,Thérophyte,thérophyte,OK,,,,,,,
0,99358,"Galinsoga parviflora Cav., 1795",test,thérophytaie,Thérophyte,thérophyte,OK,,,,,,,
0,99366,"Galium album Mill., 1768",hsto,hémicryptophytaie,Hémicryptophyte,hémicryptophyte,OK,,,,,,,
0,99373,"Galium aparine L., 1753",Test-lia,thérophytaie,Thérophyte,thérophyte,OK,,,,,,,
0,99473,"Galium mollugo L., 1753",hsto,hémicryptophytaie,Hémicryptophyte,hémicryptophyte,OK,,,,,,,
1,99488,"Galium odoratum (L.) Scop., 1771",grhi,hémicryptophytaie,Géophyte,géophyte,?,,,,,,,
0,99488,"Galium odoratum (L.) Scop., 1771",grhi,hémicryptophytaie,Géophyte à rhizome,géophyte,?,,,,,,,
0,99494,"Galium palustre L., 1753",heri,hémicryptophytaie,Hémicryptophyte,hémicryptophyte,OK,,,,,,,
0,99582,"Galium verum L., 1753",hsto,hémicryptophytaie,Hémicryptophyte,hémicryptophyte,OK,,,,,,,
0,99721,"Genista anglica L., 1753",Cfru,magnochaméphytaie,Chaméphyte,chaméphyte,OK,,,,,,,
0,99735,"Genista cinerea (Vill.) DC., 1805",Cfru,magnochaméphytaie,Nanophanérophyte,chaméphyte,suit FG ,,,,,,,
0,99815,"Genista scorpius (L.) DC., 1805",b-cad,nanophanérophytaie,Nanophanérophyte,phanérophyte,OK,,,,,,,
0,99828,"Genista tinctoria L., 1753",Cfru,chaméphytaie,Chaméphyte,chaméphyte,OK,,,,,,,
0,99854,"Gentiana acaulis L., 1753",heri,hémicryptophytaie,Hémicryptophyte,hémicryptophyte,OK,,,,,,,
0,99881,"Gentiana cruciata L., 1753",hsto,hémicryptophytaie,Hémicryptophyte,hémicryptophyte,OK,,,,,,,
0,99903,"Gentiana lutea L., 1753",Hros,hémicryptophytaie,Hémicryptophyte,hémicryptophyte,OK,,,,,,,
0,99922,"Gentiana pneumonanthe L., 1753",heri,hémicryptophytaie,Hémicryptophyte,hémicryptophyte,OK,,,,,,,
0,99929,"Gentiana purpurea L., 1753",hros,hémicryptophytaie,NA,hémicryptophyte,OK,,,,,,,
0,99953,"Gentiana verna L., 1753",hsto,hémicryptophytaie,Hémicryptophyte,hémicryptophyte,OK,,,,,,,
0,100142,"Geranium robertianum L., 1753",test(hbis),thérophytaie,Thérophyte,thérophyte,OK,,,,,,,
0,100144,"Geranium rotundifolium L., 1753",test,thérophytaie,Thérophyte,thérophyte,OK,,,,,,,
0,100149,"Geranium sanguineum L., 1753",heri,hémicryptophytaie,Hémicryptophyte,hémicryptophyte,OK,,,,,,,
0,100208,"Geum montanum L., 1753",hces,hémicryptophytaie,Hémicryptophyte,hémicryptophyte,OK,,,,,,,
0,100215,"Geum rivale L., 1753",heri,hémicryptophytaie,Hémicryptophyte,hémicryptophyte,OK,,,,,,,
0,100225,"Geum urbanum L., 1753",hros,hémicryptophytaie,Hémicryptophyte,hémicryptophyte,OK,,,,,,,
0,100310,"Glechoma hederacea L., 1753",hsto,hémicryptophytaie,Hémicryptophyte,hémicryptophyte,OK,,,,,,,
0,100335,"Globularia alypum L., 1753",Cfru-semp,chaméphytaie,Chaméphyte,chaméphyte,OK,,,,,,,
0,100576,"Gratiola officinalis L., 1753",heri,hémicryptophytaie,Hémicryptophyte,hémicryptophyte,OK,,,,,,,
0,100613,"Gymnadenia nigra (L.) Rchb.f., 1856",gtub,hémicryptophytaie,Géophyte à tubercule,géophyte,?,,,,,,,
0,72845,"Halidrys siliquosa (L.) Lyngbye, 1819",NA,NA,NA,NA,OK,,,,,,,
0,100787,"Hedera helix L., 1753",A-lia-semp,magnophanérophytaie,Phanérophyte lianescente,phanérophyte,OK,,,,,,,
0,100956,"Helianthemum nummularium (L.) Mill., 1768",csuf,hémicryptophytaie,Chaméphyte,chaméphyte,?,,,,,,,
0,100956,"Helianthemum nummularium (L.) Mill., 1768",csuf,hémicryptophytaie,Chaméphyte,chaméphyte,?,,,,,,,
0,101080,"Helichrysum italicum (Roth) G.Don, 1830",csuf,chaméphytaie,Chaméphyte,chaméphyte,OK,,,,,,,
0,101101,"Helichrysum stoechas (L.) Moench, 1794",csuf,hémicryptophytaie,Chaméphyte,chaméphyte,?,,,,,,,
0,101144,"Heliotropium europaeum L., 1753",test,thérophytaie,Thérophyte,thérophyte,OK,,,,,,,
0,101188,"Helleborus foetidus L., 1753",grhi,hémicryptophytaie,Hémicryptophyte,hémicryptophyte,OK,,,,,,,
0,101202,"Helleborus viridis L., 1753",grhi,hémicryptophytaie,Hémicryptophyte,hémicryptophyte,OK,,,,,,,
0,101300,"Heracleum sphondylium L., 1753",Hbis,hémicryptophytaie,Hémicryptophyte,hémicryptophyte,OK,,,,,,,
0,101405,"Herniaria cinerea DC., 1815",test,thérophytaie,Thérophyte,thérophyte,OK,,,,,,,
0,101411,"Herniaria glabra L., 1753",test(hbis),thérophytaie,Thérophyte,thérophyte,OK,,,,,,,
0,101412,"Herniaria hirsuta L., 1753",test(hbis),thérophytaie,Thérophyte,thérophyte,OK,,,,,,,
0,101460,"Hesperis matronalis L., 1753",hbis(heri),hémicryptophytaie,Hémicryptophyte,hémicryptophyte,OK,,,,,,,
0,102235,"Hieracium murorum L., 1753",hros,hémicryptophytaie,Hémicryptophyte,hémicryptophyte,OK,,,,,,,
0,102671,"Hieracium umbellatum L., 1753",Heri,hémicryptophytaie,Géophyte,géophyte,cohérence FG FM,,,,,,,
0,72879,"Himanthalia elongata (L.) S.F. Gray, 1821",NA,NA,NA,NA,OK,,,,,,,
0,102863,"Hippophae rhamnoides L., 1753",b-cad,nanophanérophytaie,Nanophanérophyte,phanérophyte,OK,,,,,,,
0,103031,"Humulus lupulus L., 1753",Heri-lia,hémicryptophytaie,Phanérophyte lianescente,hémicryptophyte,suit FG ,,,,,,,
0,103057,"Hyacinthoides non-scripta (L.) Chouard ex Rothm., 1944",gbul,hémicryptophytaie,Géophyte à bulbe,géophyte,?,,,,,,,
0,103162,"Hylotelephium telephium (L.) H.Ohba, 1977",heri-suc,hémicryptophytaie,Géophyte à tubercule,géophyte,cohérence FG FM,,,,,,,
0,103178,"Hyoscyamus albus L., 1753",test(hbis),thérophytaie,Thérophyte,thérophyte,OK,,,,,,,
0,103185,"Hyoscyamus niger L., 1753",test(hbis),thérophytaie,Thérophyte,thérophyte,OK,,,,,,,
1,103245,"Hypericum androsaemum L., 1753",Cfru-semp,hémicryptophytaie,Phanérophyte,hémicryptophyte,?,,,,,,,
0,103245,"Hypericum androsaemum L., 1753",Cfru-semp,hémicryptophytaie,Hémicryptophyte,hémicryptophyte,OK,,,,,,,
0,103308,"Hypericum nummularium L., 1753",hsto,hémicryptophytaie,Hémicryptophyte,hémicryptophyte,OK,,,,,,,
0,103316,"Hypericum perforatum L., 1753",heri,hémicryptophytaie,Hémicryptophyte,hémicryptophyte,OK,,,,,,,
0,103320,"Hypericum pulchrum L., 1753",heri,hémicryptophytaie,Hémicryptophyte,hémicryptophyte,OK,,,,,,,
0,103329,"Hypericum tetrapterum Fr., 1823",hsto,hémicryptophytaie,Hémicryptophyte,hémicryptophyte,OK,,,,,,,
0,103375,"Hypochaeris radicata L., 1753",hros,hémicryptophytaie,Hémicryptophyte,hémicryptophyte,OK,,,,,,,
0,103406,"Hyssopus officinalis L., 1753",csuf,hémicryptophytaie,Chaméphyte,chaméphyte,?,,,,,,,
1,103514,"Ilex aquifolium L., 1753",B-semp,microphanérophytaie,Nanophanérophyte,phanérophyte,OK,,,,,,,
0,103514,"Ilex aquifolium L., 1753",B-semp,microphanérophytaie,Phanérophyte,phanérophyte,OK,,,,,,,
0,445494,"Impatiens balsamina L., 1753",test,thérophytaie,Thérophyte,thérophyte,OK,,,,,,,
0,103553,"Impatiens noli-tangere L., 1753 [nom. et typ. cons.]",test,thérophytaie,Thérophyte,thérophyte,OK,,,,,,,
0,103578,"Imperatoria ostruthium L., 1753",Heri,hémicryptophytaie,Hémicryptophyte,hémicryptophyte,OK,,,,,,,
0,103627,"Inula helenium L., 1753",Heri,hémicryptophytaie,Hémicryptophyte,hémicryptophyte,OK,,,,,,,
1,103737,"Iris germanica L., 1753",grhi,hémicryptophytaie,Géophyte,géophyte,?,,,,,,,
0,103737,"Iris germanica L., 1753",grhi,hémicryptophytaie,Géophyte à rhizome,géophyte,?,,,,,,,
1,103772,"Iris pseudacorus L., 1753",Grhi,hémicryptophytaie,Géophyte,géophyte,?,,,,,,,
0,103772,"Iris pseudacorus L., 1753",Grhi,hémicryptophytaie,Géophyte à rhizome,géophyte,?,,,,,,,
0,103817,"Isatis tinctoria L., 1753",Hbis,hémicryptophytaie,Hémicryptophyte,hémicryptophyte,OK,,,,,,,
0,103985,"Jacobaea adonidifolia (Loisel.) Mérat, 1812",hces,hémicryptophytaie,Hémicryptophyte,hémicryptophyte,OK,,,,,,,
0,610648,"Jacobaea alpina (L.) Moench, 1794",Heri,hémicryptophytaie,NA,hémicryptophyte,OK,,,,,,,
0,610642,"Jacobaea incana (L.) Veldkamp, 2006",grhi,hémicryptophytaie,Hémicryptophyte,hémicryptophyte,OK,,,,,,,
0,610647,"Jacobaea leucophylla (DC.) Pelser, 2006",grhi,hémicryptophytaie,Chaméphyte,hémicryptophyte,suit FG et autres jacobea,,,,,,,
0,610643,"Jacobaea maritima (L.) Pelser & Meijden, 2005",Csuf,hémicryptophytaie,Chaméphyte,chaméphyte,?,,,,,,,
0,610646,"Jacobaea vulgaris Gaertn., 1791",heri,hémicryptophytaie,Hémicryptophyte,hémicryptophyte,OK,,,,,,,
0,104173,"Juncus effusus L., 1753",grhi,hémicryptophytaie,Hémicryptophyte,hémicryptophyte,OK,,,,,,,
0,104397,"Juniperus communis L., 1753",B-semp,microphanérophytaie,Nanophanérophyte,phanérophyte,OK,,,,,,,
1,104409,"Juniperus oxycedrus L., 1753",b-semp,nanophanérophytaie,Nanophanérophyte,phanérophyte,OK,,,,,,,
0,104409,"Juniperus oxycedrus L., 1753",b-semp,nanophanérophytaie,Phanérophyte,phanérophyte,OK,,,,,,,
0,104413,"Juniperus sabina L., 1753",Cfru-semp,magnochaméphytaie,Nanophanérophyte,phanérophyte,?,,,,,,,
1,104419,"Juniperus thurifera L., 1753",a-semp,magnophanérophytaie,Nanophanérophyte,phanérophyte,OK,,,,,,,
0,104419,"Juniperus thurifera L., 1753",a-semp,magnophanérophytaie,Phanérophyte,phanérophyte,OK,,,,,,,
0,104502,"Kickxia elatine (L.) Dumort., 1827",test,thérophytaie,Thérophyte,thérophyte,OK,,,,,,,
0,104516,"Knautia arvensis (L.) Coult., 1828",hros,hémicryptophytaie,Hémicryptophyte,hémicryptophyte,OK,,,,,,,
0,104764,"Lactuca perennis L., 1753",heri,hémicryptophytaie,Hémicryptophyte,hémicryptophyte,OK,,,,,,,
0,104775,"Lactuca serriola L., 1756",Test,thérophytaie,Thérophyte,thérophyte,OK,,,,,,,
0,104786,"Lactuca viminea (L.) J.Presl & C.Presl, 1819",Hbis,hémicryptophytaie,Hémicryptophyte,hémicryptophyte,OK,,,,,,,
0,104787,"Lactuca virosa L., 1753",Hbis,hémicryptophytaie,Thérophyte,thérophyte,?,,,,,,,
0,72896,"Laminaria digitata (Hudson) J.V.Lamour., 1813",NA,NA,NA,NA,OK,,,,,,,
0,72898,"Laminaria hyperborea (Gunnerus) Foslie, 1884",NA,NA,NA,NA,OK,,,,,,,
0,72901,"Laminaria ochroleuca Bachelot de la Pylaie, 1824",NA,NA,NA,NA,OK,,,,,,,
0,104854,"Lamium album L., 1753",heri,hémicryptophytaie,Hémicryptophyte,hémicryptophyte,OK,,,,,,,
0,104855,"Lamium amplexicaule L., 1753",test,thérophytaie,Thérophyte,thérophyte,OK,,,,,,,
0,104876,"Lamium galeobdolon (L.) L., 1759",hsto,hémicryptophytaie,Hémicryptophyte,hémicryptophyte,OK,,,,,,,
0,104889,"Lamium maculatum (L.) L., 1763",heri,hémicryptophytaie,Hémicryptophyte,hémicryptophyte,OK,,,,,,,
0,104903,"Lamium purpureum L., 1753",test,thérophytaie,Thérophyte,thérophyte,OK,,,,,,,
0,105017,"Lapsana communis L., 1753",test(hbis),thérophytaie,Thérophyte,thérophyte,OK,,,,,,,
0,105042,"Larix decidua Mill., 1768",A-cad,magnophanérophytaie,Phanérophyte,phanérophyte,OK,,,,,,,
0,105211,"Lathyrus latifolius L., 1753",Heri-lia,hémicryptophytaie,Hémicryptophyte,hémicryptophyte,OK,,,,,,,
0,105266,"Lathyrus sylvestris L., 1753",Heri-lia,hémicryptophytaie,Hémicryptophyte,hémicryptophyte,OK,,,,,,,
1,105295,"Laurus nobilis L., 1753",a-semp,magnophanérophytaie,Nanophanérophyte,phanérophyte,OK,,,,,,,
0,105295,"Laurus nobilis L., 1753",a-semp,magnophanérophytaie,Phanérophyte,phanérophyte,OK,,,,,,,
1,105297,"Lavandula angustifolia Mill., 1768",Cfru,parvochaméphytaie,Phanérophyte,chaméphyte,?,,,,,,,
0,105297,"Lavandula angustifolia Mill., 1768",Cfru,parvochaméphytaie,Chaméphyte,chaméphyte,OK,,,,,,,
0,105312,"Lavandula latifolia Medik., 1784",Cfru,chaméphytaie,Chaméphyte,chaméphyte,OK,,,,,,,
1,105321,"Lavandula stoechas L., 1753",Cfru,parvochaméphytaie,Phanérophyte,chaméphyte,?,,,,,,,
0,105321,"Lavandula stoechas L., 1753",Cfru,parvochaméphytaie,Chaméphyte,chaméphyte,OK,,,,,,,
0,105427,"Lemna gibba L., 1753",test-aqua,thérophytaie,Hydrophyte nageant,hydrophyte,?,,,,,,,
0,105431,"Lemna minor L., 1753",test-aqua,thérophytaie,Hydrophyte nageant,hydrophyte,?,,,,,,,
0,611031,"Leontopodium nivale (Ten.) A.L.P.Huet ex Hand.-Mazz., 1927",heri,hémicryptophytaie,Hémicryptophyte,hémicryptophyte,OK,,,,,,,
1,105621,"Lepidium draba L., 1753",heri(grhi),hémicryptophytaie,Géophyte,géophyte,cohérence FG FM,,,,,,,
0,105621,"Lepidium draba L., 1753",heri(grhi),hémicryptophytaie,Géophyte à rhizome,géophyte,?,,,,,,,
0,105817,"Leucanthemum vulgare Lam., 1779",heri,hémicryptophytaie,Hémicryptophyte,hémicryptophyte,OK,,,,,,,
0,105966,"Ligustrum vulgare L., 1753",b-cad,nanophanérophytaie,Nanophanérophyte,phanérophyte,OK,,,,,,,
1,105979,"Lilium bulbiferum L., 1753",Gbul,hémicryptophytaie,Géophyte,géophyte,?,,,,,,,
0,105979,"Lilium bulbiferum L., 1753",Gbul,hémicryptophytaie,Géophyte à bulbe,géophyte,?,,,,,,,
1,105989,"Lilium martagon L., 1753",Gbul,hémicryptophytaie,Géophyte,géophyte,?,,,,,,,
0,105989,"Lilium martagon L., 1753",Gbul,hémicryptophytaie,Géophyte à bulbe,géophyte,?,,,,,,,
0,106213,"Linaria repens (L.) Mill., 1768",hsto,hémicryptophytaie,Hémicryptophyte,hémicryptophyte,OK,,,,,,,
0,106234,"Linaria vulgaris Mill., 1768",heri,hémicryptophytaie,Hémicryptophyte,hémicryptophyte,OK,,,,,,,
0,106288,"Linum catharticum L., 1753",test(hbis),thérophytaie,Thérophyte,thérophyte,OK,,,,,,,
0,106396,"Lithospermum officinale L., 1753",heri,hémicryptophytaie,Hémicryptophyte,hémicryptophyte,OK,,,,,,,
0,56613,"Lobaria pulmonaria (L.) Hoffm., 1796",NA,NA,NA,NA,OK,,,,,,,
1,106546,"Loncomelos pyrenaicus (L.) Hrouda, 1988",gbul,hémicryptophytaie,Géophyte,géophyte,?,,,,,,,
0,106546,"Loncomelos pyrenaicus (L.) Hrouda, 1988",gbul,hémicryptophytaie,Géophyte à bulbe,géophyte,?,,,,,,,
0,106565,"Lonicera etrusca Santi, 1795",b-semp,nanophanérophytaie,Phanérophyte lianescente,phanérophyte,OK,,,,,,,
0,106574,"Lonicera nigra L., 1753",b-cad,nanophanérophytaie,Nanophanérophyte,phanérophyte,OK,,,,,,,
0,106581,"Lonicera periclymenum L., 1753",B-lia-cad,parvophanérophytaie,Phanérophyte lianescente,phanérophyte,OK,,,,,,,
0,106595,"Lonicera xylosteum L., 1753",b-cad,nanophanérophytaie,Nanophanérophyte,phanérophyte,OK,,,,,,,
0,106653,"Lotus corniculatus L., 1753",heri,hémicryptophytaie,Hémicryptophyte,hémicryptophyte,OK,,,,,,,
1,106965,"Lycium barbarum L., 1753",b-cad,nanophanérophytaie,Nanophanérophyte,phanérophyte,OK,,,,,,,
0,106965,"Lycium barbarum L., 1753",b-cad,nanophanérophytaie,Phanérophyte,phanérophyte,OK,,,,,,,
0,107038,"Lycopus europaeus L., 1753",heri,hémicryptophytaie,Hémicryptophyte,hémicryptophyte,OK,,,,,,,
0,610909,"Lysimachia arvensis (L.) U.Manns & Anderb., 2009",test,thérophytaie,Thérophyte,thérophyte,OK,,,,,,,
0,107073,"Lysimachia nummularia L., 1753",hsto,hémicryptophytaie,Hémicryptophyte,hémicryptophyte,OK,,,,,,,
1,107090,"Lysimachia vulgaris L., 1753",Heri,hémicryptophytaie,Géophyte à rhizome,hémicryptophyte,suit FG ,,,,,,,
0,107090,"Lysimachia vulgaris L., 1753",Heri,hémicryptophytaie,Hémicryptophyte,hémicryptophyte,OK,,,,,,,
0,107117,"Lythrum salicaria L., 1753",Heri,hémicryptophytaie,Hémicryptophyte,hémicryptophyte,OK,,,,,,,
1,107217,"Malus sylvestris (L.) Mill., 1768",a-cad,magnophanérophytaie,Nanophanérophyte,phanérophyte,OK,,,,,,,
0,107217,"Malus sylvestris (L.) Mill., 1768",a-cad,magnophanérophytaie,Phanérophyte,phanérophyte,OK,,,,,,,
0,107224,"Malva alcea L., 1753",heri,hémicryptophytaie,Hémicryptophyte,hémicryptophyte,OK,,,,,,,
0,107282,"Malva moschata L., 1753",heri,hémicryptophytaie,Hémicryptophyte,hémicryptophyte,OK,,,,,,,
0,107318,"Malva sylvestris L., 1753",heri,hémicryptophytaie,Hémicryptophyte,hémicryptophyte,OK,,,,,,,
0,107397,"Marrubium vulgare L., 1753",heri,hémicryptophytaie,Hémicryptophyte,hémicryptophyte,OK,,,,,,,
0,72939,"Mastocarpus stellatus (Stackh.) Guiry, 1984",NA,NA,NA,NA,OK,,,,,,,
0,107440,"Matricaria chamomilla L., 1753",test,thérophytaie,Thérophyte,thérophyte,OK,,,,,,,
0,107446,"Matricaria discoidea DC., 1838",test,thérophytaie,Thérophyte,thérophyte,OK,,,,,,,
0,107786,"Melampyrum arvense L., 1753",test-hpar,thérophytaie,Thérophyte,thérophyte,OK,,,,,,,
1,107886,"Melilotus albus Medik., 1787",Hbis,hémicryptophytaie,Thérophyte,hémicryptophyte,?,,,,,,,
0,107886,"Melilotus albus Medik., 1787",Hbis,hémicryptophytaie,Hémicryptophyte,hémicryptophyte,OK,,,,,,,
0,107992,"Melissa officinalis L., 1753",heri,hémicryptophytaie,Hémicryptophyte,hémicryptophyte,OK,,,,,,,
0,108003,"Melittis melissophyllum L., 1753",heri,hémicryptophytaie,Hémicryptophyte,hémicryptophyte,OK,,,,,,,
0,108027,"Mentha aquatica L., 1753",Grhi-aqua,hémicryptophytaie,Hémicryptophyte,hémicryptophyte,OK,,,,,,,
0,108029,"Mentha arvensis L., 1753",hsto,hémicryptophytaie,Hémicryptophyte,hémicryptophyte,OK,,,,,,,
0,108103,"Mentha longifolia (L.) Huds., 1762",Heri,hémicryptophytaie,Hémicryptophyte,hémicryptophyte,OK,,,,,,,
0,108138,"Mentha pulegium L., 1753",hsto,hémicryptophytaie,Hémicryptophyte,hémicryptophyte,OK,,,,,,,
0,108168,"Mentha suaveolens Ehrh., 1792",hsto,hémicryptophytaie,Hémicryptophyte,hémicryptophyte,OK,,,,,,,
0,108345,"Menyanthes trifoliata L., 1753",hsto,hémicryptophytaie,Hydrophyte,hydrophyte,?,,,,,,,
0,108351,"Mercurialis annua L., 1753",test,thérophytaie,Thérophyte,thérophyte,OK,,,,,,,
1,108361,"Mercurialis perennis L., 1753",grhi,hémicryptophytaie,Géophyte,géophyte,?,,,,,,,
0,108361,"Mercurialis perennis L., 1753",grhi,hémicryptophytaie,Géophyte à rhizome,géophyte,?,,,,,,,
0,108454,"Meum athamanticum Jacq., 1776",hros,hémicryptophytaie,Hémicryptophyte,hémicryptophyte,OK,,,,,,,
0,108996,"Myosotis arvensis (L.) Hill, 1764",test,thérophytaie,Thérophyte,thérophyte,OK,,,,,,,
0,109104,"Myosotis sylvatica Hoffm., 1791",hsto,hémicryptophytaie,NA,hémicryptophyte,OK,,,,,,,
0,124970,"Stellaria aquatica (L.) Scop., 1771",heri(test),hémicryptophytaie,Hémicryptophyte,hémicryptophyte,OK,,,,,,,
0,109130,"Myrica gale L., 1753",b-cad,nanophanérophytaie,Nanophanérophyte,phanérophyte,OK,,,,,,,
0,109161,"Myrrhis odorata (L.) Scop., 1771",Heri,hémicryptophytaie,Hémicryptophyte,hémicryptophyte,OK,,,,,,,
1,109186,"Myrtus communis L., 1753",B-semp,microphanérophytaie,Nanophanérophyte,phanérophyte,OK,,,,,,,
0,109186,"Myrtus communis L., 1753",B-semp,microphanérophytaie,Phanérophyte,phanérophyte,OK,,,,,,,
0,109291,"Narcissus poeticus L., 1753",gbul,hémicryptophytaie,Géophyte à bulbe,géophyte,?,,,,,,,
0,109297,"Narcissus pseudonarcissus L., 1753",gbul,hémicryptophytaie,Géophyte à bulbe,géophyte,?,,,,,,,
0,109422,"Nasturtium officinale W.T.Aiton, 1812",heri-aqua,hémicryptophytaie,Hélophyte,hélophyte,?,,,,,,,
1,109506,"Neottia nidus-avis (L.) Rich., 1817",grhi-par,hémicryptophytaie,Géophyte,géophyte,?,,,,,,,
0,109506,"Neottia nidus-avis (L.) Rich., 1817",grhi-par,hémicryptophytaie,Géophyte à rhizome,géophyte,?,,,,,,,
0,109620,"Nigella arvensis L., 1753",test,thérophytaie,Thérophyte,thérophyte,OK,,,,,,,
0,109625,"Nigella damascena L., 1753",test,thérophytaie,Thérophyte,thérophyte,OK,,,,,,,
0,109732,"Nuphar lutea (L.) Sm., 1809",Grhi-aqua,hémicryptophytaie,Hydrophyte,hydrophyte,?,,,,,,,
0,109735,"Nuphar pumila (Timm) DC., 1821",Grhi-aqua,hémicryptophytaie,Hydrophyte,hydrophyte,?,,,,,,,
0,109750,"Nymphaea alba L., 1753",Grhi-aqua,hémicryptophytaie,Hydrophyte,hydrophyte,?,,,,,,,
1,109861,"Oenanthe aquatica (L.) Poir., 1798",Hbis-aqua,hémicryptophytaie,Hydrophyte enraciné,hydrophyte,?,,,,,,,
0,109861,"Oenanthe aquatica (L.) Poir., 1798",Hbis-aqua,hémicryptophytaie,Thérophyte,hydrophyte,?,,,,,,,
0,109911,"Oenothera biennis L., 1753",Hbis(Test),hémicryptophytaie,Hémicryptophyte,hémicryptophyte,OK,,,,,,,
1,110211,"Ononis natrix L., 1753",csuf,hémicryptophytaie,Chaméphyte,hémicryptophyte,?,,,,,,,
0,110211,"Ononis natrix L., 1753",csuf,hémicryptophytaie,Hémicryptophyte,hémicryptophyte,OK,,,,,,,
0,110236,"Ononis spinosa L., 1753 [nom. et typ. cons.]",csuf,hémicryptophytaie,Géophyte à rhizome,géophyte,cohérence FG FM,,,,,,,
0,110236,"Ononis spinosa L., 1753 [nom. et typ. cons.]",csuf,hémicryptophytaie,Géophyte à rhizome,géophyte,cohérence FG FM,,,,,,,
0,110244,"Onopordum acanthium L., 1753",Hbis,hémicryptophytaie,Hémicryptophyte,hémicryptophyte,OK,,,,,,,
1,110914,"Orchis mascula (L.) L., 1755",gtub,hémicryptophytaie,Géophyte,géophyte,?,,,,,,,
0,110914,"Orchis mascula (L.) L., 1755",gtub,hémicryptophytaie,Géophyte à tubercule,géophyte,?,,,,,,,
0,111289,"Origanum vulgare L., 1753",heri,hémicryptophytaie,Hémicryptophyte,hémicryptophyte,OK,,,,,,,
0,111391,"Ornithogalum umbellatum L., 1753",gbul,géophytaie,Géophyte à bulbe,géophyte,OK,,,,,,,
0,111771,"Orthilia secunda (L.) House, 1921",grhi,hémicryptophytaie,Chaméphyte,chaméphyte,?,,,,,,,
1,111815,"Osmunda regalis L., 1753",Hces,hémicryptophytaie,Géophyte,hémicryptophyte,suit FG ,,,,,,,
0,111815,"Osmunda regalis L., 1753",Hces,hémicryptophytaie,Hémicryptophyte,hémicryptophyte,OK,,,,,,,
0,370844,"Osmundea pinnatifida (Hudson) Stackh., 1809",NA,NA,NA,NA,OK,,,,,,,
1,111859,"Oxalis acetosella L., 1753",hros(grhi),hémicryptophytaie,Géophyte,hémicryptophyte,suit FG ,,,,,,,
0,111859,"Oxalis acetosella L., 1753",hros(grhi),hémicryptophytaie,Géophyte à rhizome,hémicryptophyte,?,,,,,,,
0,717359,"Oxybasis glauca (L.) S.Fuentes, Uotila & Borsch, 2012",test,thérophytaie,Thérophyte,thérophyte,OK,,,,,,,
0,111974,"Oxytropis campestris (L.) DC., 1802",hros,hémicryptophytaie,Hémicryptophyte,hémicryptophyte,OK,,,,,,,
0,112042,"Paeonia officinalis L., 1753",heri,hémicryptophytaie,Géophyte à tubercule,hémicryptophyte,suit FG ,,,,,,,
1,112061,"Paliurus spina-christi Mill., 1768",b-cad,nanophanérophytaie,Nanophanérophyte,phanérophyte,OK,,,,,,,
0,112061,"Paliurus spina-christi Mill., 1768",b-cad,nanophanérophytaie,Phanérophyte,phanérophyte,OK,,,,,,,
0,72992,"Palmaria palmata (L.) Weber & Mohr, 1805",NA,NA,NA,NA,OK,,,,,,,
0,112303,"Papaver dubium L., 1753",test,thérophytaie,Thérophyte,thérophyte,OK,,,,,,,
0,112355,"Papaver rhoeas L., 1753",test,thérophytaie,Thérophyte,thérophyte,OK,,,,,,,
0,112410,"Parietaria judaica L., 1756",hsto,hémicryptophytaie,Hémicryptophyte,hémicryptophyte,OK,,,,,,,
0,112413,"Parietaria officinalis L., 1753",Heri,hémicryptophytaie,Hémicryptophyte,hémicryptophyte,OK,,,,,,,
1,112421,"Paris quadrifolia L., 1753",grhi,hémicryptophytaie,Géophyte,géophyte,?,,,,,,,
0,112421,"Paris quadrifolia L., 1753",grhi,hémicryptophytaie,Géophyte à rhizome,géophyte,?,,,,,,,
0,112426,"Parnassia palustris L., 1753",hros,hémicryptophytaie,Hémicryptophyte,hémicryptophyte,OK,,,,,,,
0,112467,"Parthenocissus tricuspidata (Siebold & Zucc.) Planch., 1887",b-lia-cad,parvophanérophytaie,Phanérophyte lianescente,phanérophyte,OK,,,,,,,
0,112550,"Pastinaca sativa L., 1753",Hbis,hémicryptophytaie,Hémicryptophyte,hémicryptophyte,OK,,,,,,,
0,112550,"Pastinaca sativa L., 1753",Hbis,hémicryptophytaie,Hémicryptophyte,hémicryptophyte,OK,,,,,,,
0,112590,"Pedicularis palustris L., 1753",hbis-hpar(test-hpar),hémicryptophytaie,Hémicryptophyte,hémicryptophyte,OK,,,,,,,
0,112601,"Pedicularis sylvatica L., 1753",hbis-hpar(hros-hpar),hémicryptophytaie,Hémicryptophyte,hémicryptophyte,OK,,,,,,,
0,112739,"Persicaria hydropiper (L.) Spach, 1841",test,thérophytaie,Thérophyte,thérophyte,OK,,,,,,,
0,112745,"Persicaria maculosa Gray, 1821 [nom. cons.]",test,thérophytaie,Thérophyte,thérophyte,OK,,,,,,,
1,112783,"Petasites hybridus (L.) G.Gaertn., B.Mey. & Scherb., 1801",Grhi,hémicryptophytaie,Géophyte,géophyte,?,,,,,,,
0,112783,"Petasites hybridus (L.) G.Gaertn., B.Mey. & Scherb., 1801",Grhi,hémicryptophytaie,Géophyte à rhizome,géophyte,?,,,,,,,
0,113221,"Phleum pratense L., 1753",Hces,hémicryptophytaie,Hémicryptophyte,hémicryptophyte,OK,,,,,,,
0,113260,"Phragmites australis (Cav.) Trin. ex Steud., 1840",Grhi,hémicryptophytaie,Hélophyte,hélophyte,?,,,,,,,
1,113321,"Physalis alkekengi L., 1753",heri,géophytaie,Hémicryptophyte,géophyte,?,,,,,,,
0,113321,"Physalis alkekengi L., 1753",heri,géophytaie,Géophyte à rhizome,géophyte,OK,,,,,,,
1,113418,"Phytolacca americana L., 1753",Heri,hémicryptophytaie,Géophyte,hémicryptophyte,suit FG ,,,,,,,
0,113418,"Phytolacca americana L., 1753",Heri,hémicryptophytaie,Hémicryptophyte,hémicryptophyte,OK,,,,,,,
0,113432,"Picea abies (L.) H.Karst., 1881",A-semp,magnophanérophytaie,Phanérophyte,phanérophyte,OK,,,,,,,
0,113525,"Pilosella officinarum F.W.Schultz & Sch.Bip., 1862",hros,hémicryptophytaie,Hémicryptophyte,hémicryptophyte,OK,,,,,,,
0,113579,"Pimpinella major (L.) Huds., 1762",Heri,hémicryptophytaie,Hémicryptophyte,hémicryptophyte,OK,,,,,,,
0,113596,"Pimpinella saxifraga L., 1753",heri,hémicryptophytaie,Hémicryptophyte,hémicryptophyte,OK,,,,,,,
0,113651,"Pinus cembra L., 1753",A-semp,magnophanérophytaie,Phanérophyte,phanérophyte,OK,,,,,,,
0,113665,"Pinus halepensis Mill., 1768",a-semp,magnophanérophytaie,Phanérophyte,phanérophyte,OK,,,,,,,
0,113682,"Pinus mugo Turra, 1764",b-semp,nanophanérophytaie,Phanérophyte,phanérophyte,OK,,,,,,,
0,113682,"Pinus mugo Turra, 1764",b-semp,nanophanérophytaie,Phanérophyte,phanérophyte,OK,,,,,,,
0,113689,"Pinus pinaster Aiton, 1789",A-semp,magnophanérophytaie,Phanérophyte,phanérophyte,OK,,,,,,,
0,113689,"Pinus pinaster Aiton, 1789",A-semp,magnophanérophytaie,Phanérophyte,phanérophyte,OK,,,,,,,
0,113689,"Pinus pinaster Aiton, 1789",A-semp,magnophanérophytaie,Phanérophyte,phanérophyte,OK,,,,,,,
0,113690,"Pinus pinea L., 1753",a-semp,magnophanérophytaie,Phanérophyte,phanérophyte,OK,,,,,,,
0,113703,"Pinus sylvestris L., 1753",A-semp,magnophanérophytaie,Phanérophyte,phanérophyte,OK,,,,,,,
1,113744,"Pistacia lentiscus L., 1753",b-semp,nanophanérophytaie,Nanophanérophyte,phanérophyte,OK,,,,,,,
0,113744,"Pistacia lentiscus L., 1753",b-semp,nanophanérophytaie,Phanérophyte,phanérophyte,OK,,,,,,,
0,113804,"Plantago afra L., 1762",test,thérophytaie,Thérophyte,thérophyte,OK,,,,,,,
0,113809,"Plantago arenaria Waldst. & Kit., 1802",test,thérophytaie,Thérophyte,thérophyte,OK,,,,,,,
0,113842,"Plantago coronopus L., 1753",test(hros),thérophytaie,Thérophyte,thérophyte,OK,,,,,,,
0,113893,"Plantago lanceolata L., 1753",hros,hémicryptophytaie,Hémicryptophyte,hémicryptophyte,OK,,,,,,,
0,113904,"Plantago major L., 1753",hros(test),hémicryptophytaie,Hémicryptophyte,hémicryptophyte,OK,,,,,,,
0,113924,"Plantago ovata Forssk., 1775",test,thérophytaie,NA,thérophyte,OK,,,,,,,
0,113957,"Plantago sempervirens Crantz, 1766",csuf,hémicryptophytaie,Chaméphyte,chaméphyte,?,,,,,,,
1,114080,"Plumbago europaea L., 1753",Heri,hémicryptophytaie,Chaméphyte,hémicryptophyte,?,,,,,,,
0,114080,"Plumbago europaea L., 1753",Heri,hémicryptophytaie,Hémicryptophyte,hémicryptophyte,OK,,,,,,,
0,114595,"Polygala vulgaris L., 1753 [nom. et typ. cons.]",heri,hémicryptophytaie,Hémicryptophyte,hémicryptophyte,OK,,,,,,,
0,114611,"Polygonatum multiflorum (L.) All., 1785",grhi,hémicryptophytaie,Géophyte à rhizome,géophyte,?,,,,,,,
1,114612,"Polygonatum odoratum (Mill.) Druce, 1906",grhi,hémicryptophytaie,Géophyte,géophyte,?,,,,,,,
0,114612,"Polygonatum odoratum (Mill.) Druce, 1906",grhi,hémicryptophytaie,Géophyte à rhizome,géophyte,?,,,,,,,
0,114658,"Polygonum aviculare L., 1753",test,thérophytaie,Thérophyte,thérophyte,OK,,,,,,,
0,115016,"Polypodium vulgare L., 1753",grhi,hémicryptophytaie,Hémicryptophyte,hémicryptophyte,OK,,,,,,,
0,115110,"Populus alba L., 1753",A-cad,magnophanérophytaie,Phanérophyte,phanérophyte,OK,,,,,,,
0,115145,"Populus nigra L., 1753",A-cad,magnophanérophytaie,Phanérophyte,phanérophyte,OK,,,,,,,
0,115156,"Populus tremula L., 1753",A-cad,magnophanérophytaie,Phanérophyte,phanérophyte,OK,,,,,,,
0,115215,"Portulaca oleracea L., 1753",test,thérophytaie,Thérophyte,thérophyte,OK,,,,,,,
1,115280,"Potamogeton natans L., 1753",Grhi-aqua,hémicryptophytaie,Hydrophyte,hydrophyte,?,,,,,,,
0,115280,"Potamogeton natans L., 1753",Grhi-aqua,hémicryptophytaie,Hydrophyte enraciné,hydrophyte,?,,,,,,,
0,115407,"Potentilla argentea L., 1753",heri,hémicryptophytaie,Hémicryptophyte,hémicryptophyte,OK,,,,,,,
0,115470,"Potentilla erecta (L.) Raeusch., 1797",heri,hémicryptophytaie,Hémicryptophyte,hémicryptophyte,OK,,,,,,,
0,115624,"Potentilla reptans L., 1753",hsto,hémicryptophytaie,Hémicryptophyte,hémicryptophyte,OK,,,,,,,
0,115789,"Poterium sanguisorba L., 1753",heri,hémicryptophytaie,Hémicryptophyte,hémicryptophyte,OK,,,,,,,
0,115813,"Prenanthes purpurea L., 1753",Heri,hémicryptophytaie,Hémicryptophyte,hémicryptophyte,OK,,,,,,,
0,115865,"Primula elatior (L.) Hill, 1765",hros,hémicryptophytaie,Hémicryptophyte,hémicryptophyte,OK,,,,,,,
0,115868,"Primula farinosa L., 1753",hros,hémicryptophytaie,Hémicryptophyte,hémicryptophyte,OK,,,,,,,
0,115918,"Primula veris L., 1753",hros,hémicryptophytaie,Hémicryptophyte,hémicryptophyte,OK,,,,,,,
0,116012,"Prunella vulgaris L., 1753",heri,hémicryptophytaie,Hémicryptophyte,hémicryptophyte,OK,,,,,,,
0,116043,"Prunus avium (L.) L., 1755",A-cad,magnophanérophytaie,Phanérophyte,phanérophyte,OK,,,,,,,
1,116089,"Prunus laurocerasus L., 1753",B-semp,microphanérophytaie,Nanophanérophyte,phanérophyte,OK,,,,,,,
0,116089,"Prunus laurocerasus L., 1753",B-semp,microphanérophytaie,Phanérophyte,phanérophyte,OK,,,,,,,
1,116096,"Prunus mahaleb L., 1753",B-cad,microphanérophytaie,Nanophanérophyte,phanérophyte,OK,,,,,,,
0,116096,"Prunus mahaleb L., 1753",B-cad,microphanérophytaie,Phanérophyte,phanérophyte,OK,,,,,,,
0,116109,"Prunus padus L., 1753",B-cad,microphanérophytaie,Nanophanérophyte,phanérophyte,OK,,,,,,,
1,116142,"Prunus spinosa L., 1753",b-cad,nanophanérophytaie,Nanophanérophyte,phanérophyte,OK,,,,,,,
0,116142,"Prunus spinosa L., 1753",b-cad,nanophanérophytaie,Phanérophyte,phanérophyte,OK,,,,,,,
0,59009,"Pseudevernia furfuracea (L.) Zopf, 1903",NA,NA,NA,NA,OK,,,,,,,
0,116216,"Pseudotsuga menziesii (Mirb.) Franco, 1950",A-semp,magnophanérophytaie,Phanérophyte,phanérophyte,OK,,,,,,,
1,116265,"Pteridium aquilinum (L.) Kuhn, 1879",Grhi,hémicryptophytaie,Géophyte,géophyte,?,,,,,,,
0,116265,"Pteridium aquilinum (L.) Kuhn, 1879",Grhi,hémicryptophytaie,Géophyte à rhizome,géophyte,?,,,,,,,
0,116392,"Pulicaria dysenterica (L.) Bernh., 1800",heri,hémicryptophytaie,Hémicryptophyte,hémicryptophyte,OK,,,,,,,
0,116407,"Pulmonaria affinis Jord., 1854",hros,hémicryptophytaie,Hémicryptophyte,hémicryptophyte,OK,,,,,,,
0,116412,"Pulmonaria australis (Murr) W.Sauer, 1975",hros,hémicryptophytaie,Hémicryptophyte,hémicryptophyte,OK,,,,,,,
0,116416,"Pulmonaria longifolia (Bastard) Boreau, 1857",hces,hémicryptophytaie,Hémicryptophyte,hémicryptophyte,OK,,,,,,,
0,116422,"Pulmonaria officinalis L., 1753",hros,hémicryptophytaie,NA,hémicryptophyte,OK,,,,,,,
0,116547,"Pyrola rotundifolia L., 1753",hros,hémicryptophytaie,Chaméphyte,hémicryptophyte,?,,,,,,,
1,116574,"Pyrus communis L., 1753",a-cad,magnophanérophytaie,Chaméphyte,phanérophyte,flora gallica,,,,,,,
0,116574,"Pyrus communis L., 1753",a-cad,magnophanérophytaie,Phanérophyte,phanérophyte,OK,,,,,,,
0,116704,"Quercus ilex L., 1753 [nom. et typ. cons. prop.]",A-semp,magnophanérophytaie,Phanérophyte,phanérophyte,OK,,,,,,,
0,521658,"Quercus petraea (Matt.) Liebl., 1784",A-cad,magnophanérophytaie,Phanérophyte,phanérophyte,OK,,,,,,,
0,521658,"Quercus petraea (Matt.) Liebl., 1784",A-cad,magnophanérophytaie,Phanérophyte,phanérophyte,OK,,,,,,,
0,116751,"Quercus pubescens Willd., 1796 [nom. et typ. cons.]",a-cad,magnophanérophytaie,Phanérophyte,phanérophyte,OK,,,,,,,
0,116754,"Quercus pyrenaica Willd., 1805",a-cad,magnophanérophytaie,Phanérophyte,phanérophyte,OK,,,,,,,
0,116759,"Quercus robur L., 1753",A-cad,magnophanérophytaie,Phanérophyte,phanérophyte,OK,,,,,,,
0,116876,"Ramonda myconi (L.) Rchb., 1831",hros,hémicryptophytaie,Hémicryptophyte,hémicryptophyte,OK,,,,,,,
0,116903,"Ranunculus acris L., 1753",heri,hémicryptophytaie,Hémicryptophyte,hémicryptophyte,OK,,,,,,,
1,116952,"Ranunculus bulbosus L., 1753",gbul,hémicryptophytaie,Géophyte à tubercule,géophyte,?,,,,,,,
0,116952,"Ranunculus bulbosus L., 1753",gbul,hémicryptophytaie,Hémicryptophyte,géophyte,OK,,,,,,,
0,117125,"Ranunculus montanus Willd., 1799",hros,hémicryptophytaie,NA,hémicryptophyte,OK,,,,,,,
0,117201,"Ranunculus repens L., 1753",hsto,hémicryptophytaie,Hémicryptophyte,hémicryptophyte,OK,,,,,,,
0,117224,"Ranunculus sceleratus L., 1753",test,thérophytaie,Thérophyte,thérophyte,OK,,,,,,,
0,117459,"Reseda luteola L., 1753",Hbis,hémicryptophytaie,Hémicryptophyte,hémicryptophyte,OK,,,,,,,
0,117503,"Reynoutria japonica Houtt., 1777",Grhi(Heri),hémicryptophytaie,Géophyte à rhizome,géophyte,?,,,,,,,
1,117530,"Rhamnus cathartica L., 1753",b-cad,nanophanérophytaie,Nanophanérophyte,phanérophyte,OK,,,,,,,
0,117530,"Rhamnus cathartica L., 1753",b-cad,nanophanérophytaie,Phanérophyte,phanérophyte,OK,,,,,,,
0,117668,"Rhodiola rosea L., 1753",gtub,hémicryptophytaie,Géophyte à rhizome,géophyte,?,,,,,,,
0,117679,"Rhododendron ferrugineum L., 1753",Cfru-semp,magnochaméphytaie,Nanophanérophyte,phanérophyte,?,,,,,,,
0,117712,"Rhus coriaria L., 1753",b-cad,nanophanérophytaie,Nanophanérophyte,phanérophyte,OK,,,,,,,
0,117774,"Ribes rubrum L., 1753",b-cad,nanophanérophytaie,Nanophanérophyte,phanérophyte,OK,,,,,,,
0,117787,"Ribes uva-crispa L., 1753",b-cad,nanophanérophytaie,Nanophanérophyte,phanérophyte,OK,,,,,,,
1,117806,"Ricinus communis L., 1753",b-cad,nanophanérophytaie,Nanophanérophyte,phanérophyte,OK,,,,,,,
0,117806,"Ricinus communis L., 1753",b-cad,nanophanérophytaie,Phanérophyte,phanérophyte,OK,,,,,,,
1,118016,"Rosa arvensis Huds., 1762",b-cad,nanophanérophytaie,Nanophanérophyte,phanérophyte,OK,,,,,,,
0,118016,"Rosa arvensis Huds., 1762",b-cad,nanophanérophytaie,Phanérophyte,phanérophyte,OK,,,,,,,
1,118073,"Rosa canina L., 1753",b-cad,nanophanérophytaie,Nanophanérophyte,phanérophyte,OK,,,,,,,
0,118073,"Rosa canina L., 1753",b-cad,nanophanérophytaie,Phanérophyte,phanérophyte,OK,,,,,,,
0,118397,"Rosa pendulina L., 1753",b-cad,nanophanérophytaie,Nanophanérophyte,phanérophyte,OK,,,,,,,
1,1027822,"Salvia rosmarinus Spenn., 1835",Cfru,magnochaméphytaie,Nanophanérophyte,phanérophyte,?,,,,,,,
0,1027822,"Salvia rosmarinus Spenn., 1835",Cfru,magnochaméphytaie,Phanérophyte,phanérophyte,?,,,,,,,
1,118916,"Rubia peregrina L., 1753",Hsto-lia,hémicryptophytaie,Chaméphyte,chaméphyte,cohérence FG FM,,,,,,,
0,118916,"Rubia peregrina L., 1753",Hsto-lia,hémicryptophytaie,Phanérophyte lianescente,chaméphyte,?,,,,,,,
0,118920,"Rubia tinctorum L., 1753",Hsto-lia,hémicryptophytaie,Géophyte à rhizome,géophyte,suit FG ,,,,,,,
0,119097,"Rubus fruticosus L., 1753 [nom. et typ. cons.]",Hrub(b),hémicryptophytaie,Phanérophyte lianescente,chaméphyte,suit FM,,,,,,,
1,119149,"Rubus idaeus L., 1753",Hrub(b),hémicryptophytaie,Chaméphyte,chaméphyte,suit FM,,,,,,,
0,119149,"Rubus idaeus L., 1753",Hrub(b),hémicryptophytaie,Nanophanérophyte,chaméphyte,?,,,,,,,
0,119418,"Rumex acetosa L., 1753 [nom. et typ. cons.]",hros,hémicryptophytaie,Hémicryptophyte,hémicryptophyte,OK,,,,,,,
0,119419,"Rumex acetosella L., 1753",hros,hémicryptophytaie,Hémicryptophyte,hémicryptophyte,OK,,,,,,,
0,119435,"Rumex alpinus L., 1753 [nom. et typ. cons.]",Hros,hémicryptophytaie,Hémicryptophyte,hémicryptophyte,OK,,,,,,,
0,119473,"Rumex crispus L., 1753",Hros,hémicryptophytaie,Hémicryptophyte,hémicryptophyte,OK,,,,,,,
0,119550,"Rumex obtusifolius L., 1753",Hros,hémicryptophytaie,Hémicryptophyte,hémicryptophyte,OK,,,,,,,
0,119558,"Rumex patientia L., 1753",Hros,hémicryptophytaie,Hémicryptophyte,hémicryptophyte,OK,,,,,,,
1,119698,"Ruscus aculeatus L., 1753",Cfru-semp,magnochaméphytaie,Géophyte à rhizome,géophyte,cohérence FG FM,,,,,,,
0,119698,"Ruscus aculeatus L., 1753",Cfru-semp,magnochaméphytaie,Phanérophyte,géophyte,?,,,,,,,
0,529995,"Saccharina latissima (L.) C.E. Lane, C. Mayes, Druehl & G.W. Saunders, 2006",NA,NA,NA,NA,OK,,,,,,,
1,119860,"Sagittaria sagittifolia L., 1753",Hsto-aqua,hémicryptophytaie,Hélophyte,hélophyte,?,,,,,,,
0,119860,"Sagittaria sagittifolia L., 1753",Hsto-aqua,hémicryptophytaie,Hydrophyte enraciné,hélophyte,?,,,,,,,
0,119881,"Salicornia europaea L., 1753",test,thérophytaie,Thérophyte,thérophyte,OK,,,,,,,
0,119915,"Salix alba L., 1753",A-cad,magnophanérophytaie,Phanérophyte,phanérophyte,OK,,,,,,,
1,119977,"Salix caprea L., 1753",a-cad,magnophanérophytaie,Nanophanérophyte,phanérophyte,OK,,,,,,,
0,119977,"Salix caprea L., 1753",a-cad,magnophanérophytaie,Phanérophyte,phanérophyte,OK,,,,,,,
0,120135,"Salix myrsinifolia Salisb., 1796",b-cad,nanophanérophytaie,Nanophanérophyte,phanérophyte,OK,,,,,,,
1,120189,"Salix purpurea L., 1753",B-cad,microphanérophytaie,Nanophanérophyte,phanérophyte,OK,,,,,,,
0,120189,"Salix purpurea L., 1753",B-cad,microphanérophytaie,Phanérophyte,phanérophyte,OK,,,,,,,
1,120642,"Salvia fruticosa Mill., 1768",hros,hémicryptophytaie,Chaméphyte,chaméphyte,cohérence FG FM,,,,,,,
0,120642,"Salvia fruticosa Mill., 1768",hros,hémicryptophytaie,Phanérophyte,chaméphyte,?,,,,,,,
0,120643,"Salvia glutinosa L., 1753",Hros,hémicryptophytaie,Hémicryptophyte,hémicryptophyte,OK,,,,,,,
0,120678,"Salvia officinalis L., 1753",cfru,hémicryptophytaie,Chaméphyte,chaméphyte,cohérence deux referentiel,,,,,,,
0,120685,"Salvia pratensis L., 1753",hros,hémicryptophytaie,Hémicryptophyte,hémicryptophyte,OK,,,,,,,
1,120712,"Sambucus ebulus L., 1753",Hces,hémicryptophytaie,Géophyte à rhizome,géophyte,cohérence FG FM,,,,,,,
0,120712,"Sambucus ebulus L., 1753",Hces,hémicryptophytaie,Hémicryptophyte,géophyte,OK,,,,,,,
1,120717,"Sambucus nigra L., 1753",b-cad,nanophanérophytaie,Nanophanérophyte,phanérophyte,OK,,,,,,,
0,120717,"Sambucus nigra L., 1753",b-cad,nanophanérophytaie,Phanérophyte,phanérophyte,OK,,,,,,,
0,120720,"Sambucus racemosa L., 1753",b-cad,nanophanérophytaie,Nanophanérophyte,phanérophyte,OK,,,,,,,
0,120758,"Sanguisorba officinalis L., 1753",Heri,hémicryptophytaie,Hémicryptophyte,hémicryptophyte,OK,,,,,,,
0,120772,"Sanicula europaea L., 1753",hros,hémicryptophytaie,Hémicryptophyte,hémicryptophyte,OK,,,,,,,
0,120785,"Santolina chamaecyparissus L., 1753",Cfru,parvochaméphytaie,Chaméphyte,chaméphyte,OK,,,,,,,
0,120786,"Santolina corsica Jord. & Fourr., 1869",cfru,parvochaméphytaie,Phanérophyte,chaméphyte,suit FG ,,,,,,,
0,120823,"Saponaria ocymoides L., 1753",hsto,hémicryptophytaie,Chaméphyte,hémicryptophyte,suit FG ,,,,,,,
0,120824,"Saponaria officinalis L., 1753",heri,hémicryptophytaie,Hémicryptophyte,hémicryptophyte,OK,,,,,,,
0,120908,"Satureja montana L., 1753",cfru,parvochaméphytaie,Chaméphyte,chaméphyte,OK,,,,,,,
0,121065,"Saxifraga granulata L., 1753",hbis,hémicryptophytaie,Géophyte à rhizome,géophyte,cohérence FG FM,,,,,,,
0,121334,"Scabiosa columbaria L., 1753",hros,hémicryptophytaie,Hémicryptophyte,hémicryptophyte,OK,,,,,,,
0,121449,"Scandix pecten-veneris L., 1753",test,thérophytaie,Thérophyte,thérophyte,OK,,,,,,,
0,121606,"Scilla bifolia L., 1753",gbul,hémicryptophytaie,Géophyte à bulbe,géophyte,?,,,,,,,
0,121823,"Scleranthus annuus L., 1753",test(hsto),thérophytaie,Thérophyte,thérophyte,OK,,,,,,,
0,121999,"Scrophularia auriculata L., 1753 [nom. et typ. cons.]",Heri,hémicryptophytaie,Hémicryptophyte,hémicryptophyte,OK,,,,,,,
0,122028,"Scrophularia nodosa L., 1753",heri,hémicryptophytaie,Hémicryptophyte,hémicryptophyte,OK,,,,,,,
1,122069,"Scutellaria galericulata L., 1753",Grhi,hémicryptophytaie,Géophyte,hémicryptophyte,?,,,,,,,
0,122069,"Scutellaria galericulata L., 1753",Grhi,hémicryptophytaie,Hémicryptophyte,hémicryptophyte,OK,,,,,,,
0,122101,"Sedum acre L., 1753",csuf-suc,hémicryptophytaie,Chaméphyte,chaméphyte,?,,,,,,,
0,122106,"Sedum album L., 1753",csuf-suc,hémicryptophytaie,Chaméphyte,chaméphyte,?,,,,,,,
0,122140,"Sedum cepaea L., 1753",tver(hbis),thérophytaie,Thérophyte,thérophyte,OK,,,,,,,
0,122243,"Sedum rubens L., 1753",test-suc,thérophytaie,Thérophyte,thérophyte,OK,,,,,,,
0,112816,"Petrosedum rupestre (L.) P.V.Heath, 1987",csuf-suc,hémicryptophytaie,Chaméphyte,chaméphyte,?,,,,,,,
0,122419,"Sempervivum arachnoideum L., 1753",ccou-suc,hémicryptophytaie,Chaméphyte,chaméphyte,coherence FG FM,,,,,,,
0,122467,"Sempervivum montanum L., 1753",ccou-suc,hémicryptophytaie,Chaméphyte,chaméphyte,?,,,,,,,
0,122493,"Sempervivum tectorum L., 1753",ccou-suc,hémicryptophytaie,Chaméphyte,chaméphyte,?,,,,,,,
0,122593,"Senecio doronicum (L.) L., 1759",heri,hémicryptophytaie,Hémicryptophyte,hémicryptophyte,OK,,,,,,,
0,122675,"Senecio ovatus (G.Gaertn., B.Mey. & Scherb.) Willd., 1803",Heri,hémicryptophytaie,Géophyte,hémicryptophyte,suit FG ,,,,,,,
0,122714,"Senecio sarracenicus L., 1753 [nom. et typ. cons.]",Heri,hémicryptophytaie,NA,hémicryptophyte,OK,,,,,,,
0,122726,"Senecio sylvaticus L., 1753",test,thérophytaie,Thérophyte,thérophyte,OK,,,,,,,
0,122745,"Senecio vulgaris L., 1753",test,thérophytaie,Thérophyte,thérophyte,OK,,,,,,,
0,122971,"Serratula tinctoria L., 1753",heri,hémicryptophytaie,Hémicryptophyte,hémicryptophyte,OK,,,,,,,
0,123258,"Sideritis hyssopifolia L., 1753",csuf,hémicryptophytaie,Chaméphyte,chaméphyte,?,,,,,,,
0,123683,"Silene vulgaris (Moench) Garcke, 1869",heri,hémicryptophytaie,Hémicryptophyte,hémicryptophyte,OK,,,,,,,
1,123705,"Silybum marianum (L.) Gaertn., 1791",Hbis,hémicryptophytaie,Thérophyte,hémicryptophyte,?,,,,,,,
0,123705,"Silybum marianum (L.) Gaertn., 1791",Hbis,hémicryptophytaie,Hémicryptophyte,hémicryptophyte,OK,,,,,,,
0,123711,"Sinapis alba L., 1753",test,thérophytaie,Thérophyte,thérophyte,OK,,,,,,,
0,123713,"Sinapis arvensis L., 1753",Test,thérophytaie,Thérophyte,thérophyte,OK,,,,,,,
0,123863,"Sisymbrium officinale (L.) Scop., 1772",test(hros),thérophytaie,Thérophyte,thérophyte,OK,,,,,,,
1,124034,"Solanum dulcamara L., 1753",cfru,hémicryptophytaie,Phanérophyte lianescente,hémicryptophyte,?,,,,,,,
0,124034,"Solanum dulcamara L., 1753",cfru,hémicryptophytaie,Hémicryptophyte,hémicryptophyte,OK,,,,,,,
0,124080,"Solanum nigrum L., 1753",test,thérophytaie,Thérophyte,thérophyte,OK,,,,,,,
0,124139,"Soldanella alpina L., 1753",hros,hémicryptophytaie,Hémicryptophyte,hémicryptophyte,OK,,,,,,,
0,124164,"Solidago canadensis L., 1753",Heri(Grhi),hémicryptophytaie,Géophyte,hémicryptophyte,suit FG ,,,,,,,
0,124168,"Solidago gigantea Aiton, 1789",Heri(Grhi),hémicryptophytaie,Géophyte,hémicryptophyte,suit FG ,,,,,,,
0,124205,"Solidago virgaurea L., 1753",heri,hémicryptophytaie,Hémicryptophyte,hémicryptophyte,OK,,,,,,,
0,124232,"Sonchus arvensis L., 1753",Heri,hémicryptophytaie,Géophyte à rhizome,géophyte,cohérence FG FM,,,,,,,
0,124233,"Sonchus asper (L.) Hill, 1769",test(hbis),thérophytaie,Thérophyte,thérophyte,OK,,,,,,,
0,124308,"Sorbus aucuparia L., 1753",a-cad,magnophanérophytaie,Phanérophyte,phanérophyte,OK,,,,,,,
0,92488,"Cormus domestica (L.) Spach, 1834",a-cad,magnophanérophytaie,Phanérophyte,phanérophyte,OK,,,,,,,
1,124453,"Spartium junceum L., 1753",b-cad,nanophanérophytaie,Nanophanérophyte,phanérophyte,OK,,,,,,,
0,124453,"Spartium junceum L., 1753",b-cad,nanophanérophytaie,Phanérophyte,phanérophyte,OK,,,,,,,
0,124499,"Spergula arvensis L., 1753",test,thérophytaie,Thérophyte,thérophyte,OK,,,,,,,
1,124578,"Spergularia rubra (L.) J.Presl & C.Presl, 1819",test(hbis),thérophytaie,Chaméphyte,thérophyte,suit FG ,,,,,,,
0,124578,"Spergularia rubra (L.) J.Presl & C.Presl, 1819",test(hbis),thérophytaie,Thérophyte,thérophyte,OK,,,,,,,
0,124741,"Stachys annua (L.) L., 1763",test,thérophytaie,Thérophyte,thérophyte,OK,,,,,,,
0,124744,"Stachys arvensis (L.) L., 1763",test,thérophytaie,Thérophyte,thérophyte,OK,,,,,,,
0,124798,"Stachys palustris L., 1753",Heri,hémicryptophytaie,Hémicryptophyte,hémicryptophyte,OK,,,,,,,
0,124814,"Stachys sylvatica L., 1753",Heri,hémicryptophytaie,Hémicryptophyte,hémicryptophyte,OK,,,,,,,
0,124848,"Staphisagria macrosperma Spach, 1838",test,thérophytaie,Thérophyte,thérophyte,OK,,,,,,,
0,999933,"Rabelera holostea (L.) M.T.Sharples & E.A.Tripp, 2019",hsto,hémicryptophytaie,Chaméphyte,hémicryptophyte,suit FG ,,,,,,,
0,125014,"Stellaria media (L.) Vill., 1789",test(heri),thérophytaie,Thérophyte,thérophyte,OK,,,,,,,
0,125295,"Succisa pratensis Moench, 1794",Heri,hémicryptophytaie,Hémicryptophyte,hémicryptophyte,OK,,,,,,,
0,125324,"Symphoricarpos albus (L.) S.F.Blake, 1914",b-cad,nanophanérophytaie,Nanophanérophyte,phanérophyte,OK,,,,,,,
1,125343,"Symphytum bulbosum K.F.Schimp., 1825",gtub,hémicryptophytaie,Géophyte,géophyte,?,,,,,,,
0,125343,"Symphytum bulbosum K.F.Schimp., 1825",gtub,hémicryptophytaie,Géophyte à tubercule,géophyte,?,,,,,,,
0,125355,"Symphytum officinale L., 1753",Hsto,hémicryptophytaie,Hémicryptophyte,hémicryptophyte,OK,,,,,,,
1,125426,"Tamarix gallica L., 1753",B-cad,microphanérophytaie,Nanophanérophyte,phanérophyte,OK,,,,,,,
0,125426,"Tamarix gallica L., 1753",B-cad,microphanérophytaie,Phanérophyte,phanérophyte,OK,,,,,,,
0,125469,"Tanacetum parthenium (L.) Sch.Bip., 1844",heri,hémicryptophytaie,Hémicryptophyte,hémicryptophyte,OK,,,,,,,
0,125474,"Tanacetum vulgare L., 1753",Heri,hémicryptophytaie,Hémicryptophyte,hémicryptophyte,OK,,,,,,,
0,125568,"Taraxacum dens-leonis Desf., 1799",NA,hémicryptophytaie,NA,hémicryptophyte,OK,,,,,,,
0,717630,"Taraxacum officinale F.H.Wigg., 1780",NA,hémicryptophytaie,Hémicryptophyte,hémicryptophyte,OK,,,,,,,
0,125816,"Taxus baccata L., 1753",A-semp,magnophanérophytaie,Phanérophyte,phanérophyte,OK,,,,,,,
0,125981,"Teucrium chamaedrys L., 1753",csuf,hémicryptophytaie,Chaméphyte,chaméphyte,?,,,,,,,
0,126006,"Teucrium marum L., 1753",Cfru,parvochaméphytaie,Chaméphyte,chaméphyte,OK,,,,,,,
0,126008,"Teucrium montanum L., 1753",csuf,hémicryptophytaie,Chaméphyte,chaméphyte,?,,,,,,,
0,126019,"Teucrium polium L., 1753",cfru,hémicryptophytaie,Chaméphyte,chaméphyte,?,,,,,,,
0,126035,"Teucrium scorodonia L., 1753",heri,hémicryptophytaie,Hémicryptophyte,hémicryptophyte,OK,,,,,,,
0,126552,"Thymus nitens Lamotte, 1881",csuf,hémicryptophytaie,Chaméphyte,chaméphyte,?,,,,,,,
0,126573,"Thymus serpyllum L., 1753",csuf,hémicryptophytaie,NA,chaméphyte,OK,,,,,,,
0,126582,"Thymus vulgaris L., 1753",cfru-semp,hémicryptophytaie,Chaméphyte,chaméphyte,?,,,,,,,
0,126628,"Tilia cordata Mill., 1768",A-cad,magnophanérophytaie,Phanérophyte,phanérophyte,OK,,,,,,,
0,126650,"Tilia platyphyllos Scop., 1771 [nom. et typ. cons.]",A-cad,magnophanérophytaie,Phanérophyte,phanérophyte,OK,,,,,,,
0,127029,"Tragopogon pratensis L., 1753",heri,hémicryptophytaie,Hémicryptophyte,hémicryptophyte,OK,,,,,,,
0,127131,"Tribulus terrestris L., 1753",test,thérophytaie,Thérophyte,thérophyte,OK,,,,,,,
0,127219,"Trifolium alpinum L., 1753",grhi,hémicryptophytaie,Hémicryptophyte,hémicryptophyte,OK,,,,,,,
0,127230,"Trifolium arvense L., 1753",test,thérophytaie,Thérophyte,thérophyte,OK,,,,,,,
0,127439,"Trifolium pratense L., 1753",heri,hémicryptophytaie,Hémicryptophyte,hémicryptophyte,OK,,,,,,,
0,107887,"Melilotus altissimus Thuill., 1799",Hbis,hémicryptophytaie,Hémicryptophyte,hémicryptophyte,OK,,,,,,,
1,107942,"Melilotus officinalis (L.) Lam., 1779",Hbis(Test),hémicryptophytaie,Hémicryptophyte,hémicryptophyte,OK,,,,,,,
0,107942,"Melilotus officinalis (L.) Lam., 1779",Hbis(Test),hémicryptophytaie,Hémicryptophyte,hémicryptophyte,OK,,,,,,,
0,127872,"Trollius europaeus L., 1753",Heri,hémicryptophytaie,Hémicryptophyte,hémicryptophyte,OK,,,,,,,
1,128042,"Tussilago farfara L., 1753",grhi,hémicryptophytaie,Géophyte,géophyte,?,,,,,,,
0,128042,"Tussilago farfara L., 1753",grhi,hémicryptophytaie,Géophyte à rhizome,géophyte,?,,,,,,,
1,128077,"Typha latifolia L., 1753",Grhi,hémicryptophytaie,Géophyte,hélophyte,?,,,,,,,
0,128077,"Typha latifolia L., 1753",Grhi,hémicryptophytaie,Hélophyte,hélophyte,?,,,,,,,
0,128175,"Ulmus minor Mill., 1768",A-cad,magnophanérophytaie,Phanérophyte,phanérophyte,OK,,,,,,,
1,128215,"Umbilicus rupestris (Salisb.) Dandy, 1948",gtub,hémicryptophytaie,Géophyte,géophyte,?,,,,,,,
0,128215,"Umbilicus rupestris (Salisb.) Dandy, 1948",gtub,hémicryptophytaie,Géophyte à tubercule,géophyte,?,,,,,,,
0,73388,"Undaria pinnatifida (Harvey) Suringar, 1873",NA,NA,NA,NA,OK,,,,,,,
0,128268,"Urtica dioica L., 1753",Grhi,hémicryptophytaie,Hémicryptophyte,hémicryptophyte,OK,,,,,,,
0,128298,"Urtica urens L., 1753",test,thérophytaie,Thérophyte,thérophyte,OK,,,,,,,
0,128345,"Vaccinium myrtillus L., 1753",Cfru,parvochaméphytaie,Chaméphyte,chaméphyte,OK,,,,,,,
0,128355,"Vaccinium vitis-idaea L., 1753",cfru-semp,parvochaméphytaie,Chaméphyte,chaméphyte,OK,,,,,,,
0,128391,"Valeriana celtica L., 1753",hces,hémicryptophytaie,NA,hémicryptophyte,OK,,,,,,,
0,128416,"Valeriana montana L., 1753",grhi,hémicryptophytaie,Hémicryptophyte,hémicryptophyte,OK,,,,,,,
0,128419,"Valeriana officinalis L., 1753",Hsto,hémicryptophytaie,Hémicryptophyte,hémicryptophyte,OK,,,,,,,
0,128476,"Valerianella locusta (L.) Laterr., 1821",tver,thérophytaie,Thérophyte,thérophyte,OK,,,,,,,
0,128520,"Veratrum album L., 1753",Heri,hémicryptophytaie,Géophyte à rhizome,géophyte,cohérence FG FM,,,,,,,
0,128567,"Verbascum densiflorum Bertol., 1810",Hbis,hémicryptophytaie,Hémicryptophyte,hémicryptophyte,OK,,,,,,,
0,128615,"Verbascum nigrum L., 1753",Hbis,hémicryptophytaie,Hémicryptophyte,hémicryptophyte,OK,,,,,,,
0,128660,"Verbascum thapsus L., 1753",Hbis,hémicryptophytaie,Hémicryptophyte,hémicryptophyte,OK,,,,,,,
0,128754,"Verbena officinalis L., 1753",hros,hémicryptophytaie,Hémicryptophyte,hémicryptophyte,OK,,,,,,,
1,128808,"Veronica beccabunga L., 1753",hsto,hémicryptophytaie,Hydrophyte enraciné,hémicryptophyte,?,,,,,,,
0,128808,"Veronica beccabunga L., 1753",hsto,hémicryptophytaie,Hémicryptophyte,hémicryptophyte,OK,,,,,,,
0,128832,"Veronica chamaedrys L., 1753",hsto,hémicryptophytaie,Hémicryptophyte,hémicryptophyte,OK,,,,,,,
0,128938,"Veronica officinalis L., 1753",hsto,hémicryptophytaie,Hémicryptophyte,hémicryptophyte,OK,,,,,,,
0,129083,"Viburnum lantana L., 1753",b-cad,nanophanérophytaie,Nanophanérophyte,phanérophyte,OK,,,,,,,
0,129087,"Viburnum opulus L., 1753",b-cad,nanophanérophytaie,Nanophanérophyte,phanérophyte,OK,,,,,,,
0,129468,"Vinca major L., 1753",cfru-semp,hémicryptophytaie,Chaméphyte,chaméphyte,?,,,,,,,
0,129470,"Vinca minor L., 1753",cfru-semp,hémicryptophytaie,Chaméphyte,chaméphyte,?,,,,,,,
0,129477,"Vincetoxicum hirundinaria Medik., 1790",Heri,hémicryptophytaie,Hémicryptophyte,hémicryptophyte,OK,,,,,,,
0,129506,"Viola arvensis Murray, 1770",test,thérophytaie,Thérophyte,thérophyte,OK,,,,,,,
0,129520,"Viola biflora L., 1753",hsto,hémicryptophytaie,Hémicryptophyte,hémicryptophyte,OK,,,,,,,
0,129527,"Viola calcarata L., 1753",heri,hémicryptophytaie,Hémicryptophyte,hémicryptophyte,OK,,,,,,,
0,129529,"Viola canina L., 1753",heri,hémicryptophytaie,Hémicryptophyte,hémicryptophyte,OK,,,,,,,
0,129539,"Viola collina Besser, 1816",hros,hémicryptophytaie,Hémicryptophyte,hémicryptophyte,OK,,,,,,,
0,129596,"Viola jordanii Hanry, 1853",heri,hémicryptophytaie,Hémicryptophyte,hémicryptophyte,OK,,,,,,,
0,129614,"Viola lutea Huds., 1762",grhi,hémicryptophytaie,Hémicryptophyte,hémicryptophyte,OK,,,,,,,
0,129632,"Viola odorata L., 1753",hsto,hémicryptophytaie,Hémicryptophyte,hémicryptophyte,OK,,,,,,,
0,129639,"Viola palustris L., 1753",hros,hémicryptophytaie,Hémicryptophyte,hémicryptophyte,OK,,,,,,,
0,129666,"Viola reichenbachiana Jord. ex Boreau, 1857",hros,hémicryptophytaie,Hémicryptophyte,hémicryptophyte,OK,,,,,,,
0,129674,"Viola rupestris F.W.Schmidt, 1791",hros,hémicryptophytaie,Hémicryptophyte,hémicryptophyte,OK,,,,,,,
0,129723,"Viola tricolor L., 1753",hsto(hbis-test),hémicryptophytaie,Thérophyte,thérophyte,?,,,,,,,
1,129906,"Viscum album L., 1753",cfru-hpar-semp-épi,magnophanérophytaie,Chaméphyte,chaméphyte,?,,,,,,,
0,129906,"Viscum album L., 1753",cfru-hpar-semp-épi,magnophanérophytaie,Phanérophyte,chaméphyte,OK,,,,,,,
1,129906,"Viscum album L., 1753",cfru-hpar-semp-épi,magnophanérophytaie,Chaméphyte,chaméphyte,?,,,,,,,
0,129906,"Viscum album L., 1753",cfru-hpar-semp-épi,magnophanérophytaie,Phanérophyte,chaméphyte,OK,,,,,,,
1,129906,"Viscum album L., 1753",cfru-hpar-semp-épi,magnophanérophytaie,Chaméphyte,chaméphyte,?,,,,,,,
0,129906,"Viscum album L., 1753",cfru-hpar-semp-épi,magnophanérophytaie,Phanérophyte,chaméphyte,OK,,,,,,,
1,129906,"Viscum album L., 1753",cfru-hpar-semp-épi,magnophanérophytaie,Chaméphyte,chaméphyte,?,,,,,,,
0,129906,"Viscum album L., 1753",cfru-hpar-semp-épi,magnophanérophytaie,Phanérophyte,chaméphyte,OK,,,,,,,
0,129910,"Visnaga daucoides Gaertn., 1788",test,thérophytaie,Thérophyte,thérophyte,OK,,,,,,,
0,130484,"Xanthium orientale L., 1763",test,thérophytaie,Thérophyte,thérophyte,OK,,,,,,,
0,130491,"Xanthium spinosum L., 1753",test,thérophytaie,Thérophyte,thérophyte,OK,,,,,,,
0,130492,"Xanthium strumarium L., 1753",test,thérophytaie,Thérophyte,thérophyte,OK,,,,,,,
1,162352,"Ziziphus jujuba Mill., 1768 [nom. cons.]",B-cad,microphanérophytaie,Nanophanérophyte,phanérophyte,OK,,,,,,,
0,162352,"Ziziphus jujuba Mill., 1768 [nom. cons.]",B-cad,microphanérophytaie,Phanérophyte,phanérophyte,OK,,,,,,,
