LB_NOM,Leaf,AccSpeciesID,CD_REF,FAMILLE,harvested
Abies alba,simple,29,79319,Pinaceae,1
Acacia dealbata,compound,279,79691,Fabaceae,1
Acer campestre,simple,797,79734,Sapindaceae,1
Acer negundo,simple,841,79766,Sapindaceae,1
Achillea erba-rotta,simple,904,79887,Asteraceae,1
Achillea millefolium,compound,909,79908,Asteraceae,1
Achillea nana,compound,911,79913,Asteraceae,1
Achillea ptarmica,simple,916,79921,Asteraceae,1
Aconitum lycoctonum,simple,1027,80034,Ranunculaceae,1
Aconitum napellus,compound,1028,80037,Ranunculaceae,1
Aconitum variegatum,compound,1037,80066,Ranunculaceae,1
Acorus calamus,simple,1045,80086,Acoraceae,1
Actaea spicata,compound,1133,80137,Ranunculaceae,1
Adiantum capillus-veneris,compound,1305,447951,Pteridaceae,1
Adonis annua,compound,1361,80212,Ranunculaceae,1
Adonis vernalis,compound,1364,80240,Ranunculaceae,1
Aegopodium podagraria,compound,1439,80322,Apiaceae,1
Aethusa cynapium,compound,1593,80358,Apiaceae,1
Agave americana,simple,1679,80383,Asparagaceae,1
Agrimonia eupatoria,compound,1810,80410,Rosaceae,1
Agrimonia procera,compound,1815,80417,Rosaceae,1
Agrostemma githago,simple,1869,80546,Caryophyllaceae,1
Ailanthus altissima,compound,2124,80824,Simaroubaceae,1
Ajuga chamaepitys,simple,2162,80978,Lamiaceae,1
Ajuga genevensis,simple,2165,80980,Lamiaceae,1
Ajuga pyramidalis,simple,2170,80988,Lamiaceae,1
Ajuga reptans,simple,2172,80990,Lamiaceae,1
Alchemilla acutiloba,simple,2297,81027,Rosaceae,1
Alchemilla alpina,compound,2299,81033,Rosaceae,1
Alkanna matthioli,simple,2478,81287,Boraginaceae,1
Alliaria petiolata,simple,2496,81295,Brassicaceae,1
Allium roseum,simple,2560,81499,Amaryllidaceae,1
Allium schoenoprasum,simple,2566,81508,Amaryllidaceae,1
Allium ursinum,simple,2587,81541,Amaryllidaceae,1
Allium victorialis,simple,2589,81543,Amaryllidaceae,1
Alnus alnobetula,simple,2704,81563,Betulaceae,1
Alnus glutinosa,simple,2710,81569,Betulaceae,1
Alnus incana,simple,2712,81570,Betulaceae,1
Althaea officinalis,simple,3003,81856,Malvaceae,1
Amaranthus retroflexus,simple,3134,82018,Amaranthaceae,1
Ambrosia artemisiifolia,compound,3157,82080,Asteraceae,1
Ammi majus,compound,3210,82130,Apiaceae,1
Visnaga daucoides,compound,3211,129910,Apiaceae,1
Lysimachia arvensis,simple,3410,610909,Primulaceae,1
Anchusa azurea,simple,3460,618756,Boraginaceae,1
Anchusa officinalis,simple,3462,82391,Boraginaceae,1
Anemone nemorosa,compound,3691,82637,Ranunculaceae,1
Anemone ranunculoides,compound,3701,82656,Ranunculaceae,1
Angelica sylvestris,compound,3738,82738,Apiaceae,1
Antennaria dioica,simple,3925,82796,Asteraceae,1
Anthoxanthum odoratum,simple,4036,82922,Poaceae,1
Anthriscus sylvestris,compound,4045,82952,Apiaceae,1
Anthyllis vulneraria,compound,4072,82999,Fabaceae,1
Antirrhinum majus,simple,4128,83058,Plantaginaceae,1
Apium graveolens,compound,4210,83195,Apiaceae,1
Aquilegia vulgaris,compound,4337,83267,Ranunculaceae,1
Arbutus unedo,simple,4447,83481,Ericaceae,1
Arctium lappa,simple,4489,83499,Asteraceae,1
Arctium minus,simple,4491,83502,Asteraceae,1
Arctostaphylos uva-ursi,simple,4528,83528,Ericaceae,1
Arenaria serpyllifolia,simple,4614,83653,Caryophyllaceae,1
Roemeria argemone,simple,4634,117874,Papaveraceae,1
Aristolochia rotunda,simple,5060,83793,Aristolochiaceae,1
Armeria maritima,simple,5085,83832,Plumbaginaceae,1
Armoracia rusticana,simple,5093,83866,Brassicaceae,1
Arnica montana,simple,5104,83874,Asteraceae,1
Arrhenatherum elatius,simple,5134,83912,Poaceae,1
Artemisia absinthium,compound,5155,83933,Asteraceae,1
Artemisia annua,compound,5160,83938,Asteraceae,1
Artemisia eriantha,compound,5188,83969,Asteraceae,1
Artemisia genipi,compound,5188,83973,Asteraceae,1
Artemisia maritima,compound,5209,84003,Asteraceae,1
Artemisia umbelliformis,compound,5253,84053,Asteraceae,1
Artemisia vulgaris,compound,5257,84061,Asteraceae,1
Arum italicum,simple,5392,84110,Araceae,1
Arum maculatum,simple,5393,84112,Araceae,1
Aruncus dioicus,compound,5395,84135,Rosaceae,1
Arundo donax,simple,5471,84173,Poaceae,1
Asarum europaeum,simple,5485,84230,Asaraceae,1
Asclepias syriaca,simple,5512,84251,Apocynaceae,1
Asparagus officinalis,simple,5540,84279,Asparagaceae,1
Asperula cynanchica,simple,5558,84306,Rubiaceae,1
Asperula tinctoria,simple,5570,84330,Rubiaceae,1
Asphodelus albus,simple,5575,84338,Asphodelaceae,1
Asplenium adiantum-nigrum,compound,5634,84458,Aspleniaceae,1
Asplenium ceterach,compound,5649,84472,Aspleniaceae,1
Asplenium scolopendrium,compound,5693,84524,Aspleniaceae,1
Astrantia major,compound,5917,84936,Apiaceae,1
Atropa bella-donna,simple,6192,85152,Solanaceae,1
Ballota nigra,simple,6666,85502,Lamiaceae,1
Barbarea vulgaris,simple,6903,761965,Brassicaceae,1
Bellis perennis,simple,7173,85740,Asteraceae,1
Bellis sylvestris,simple,7174,85745,Asteraceae,1
Berberis vulgaris,simple,7230,85774,Berberidaceae,1
Beta vulgaris,simple,7314,85820,Amaranthaceae,1
Betula pendula,simple,7356,85903,Betulaceae,1
Betula pubescens,simple,7359,85904,Betulaceae,1
Bidens pilosa,compound,7402,85972,Asteraceae,1
Bistorta officinalis,simple,7471,86081,Polygonaceae,1
Blackstonia perfoliata,simple,7485,86087,Gentianaceae,1
Borago officinalis,simple,7725,86156,Boraginaceae,1
Briza media,simple,8361,86490,Poaceae,1
Bryonia dioica,simple,8654,86828,Cucurbitaceae,1
Buglossoides arvensis,simple,8778,86890,Boraginaceae,1
Bunias erucago,simple,8865,86969,Brassicaceae,1
Bupleurum falcatum,simple,8878,87044,Apiaceae,1
Buxus sempervirens,simple,8964,87143,Buxaceae,1
Calendula arvensis,simple,9482,87420,Asteraceae,1
Calluna vulgaris,simple,9621,87501,Ericaceae,1
Caltha palustris,simple,9768,87540,Ranunculaceae,1
Convolvulus sepium,simple,9842,92353,Convolvulaceae,1
Campanula patula,simple,9957,87690,Campanulaceae,1
Campanula rapunculus,simple,9968,87712,Campanulaceae,1
Campanula rotundifolia,simple,9970,87720,Campanulaceae,1
Campanula trachelium,simple,9980,87742,Campanulaceae,1
Capsella bursa-pastoris,simple,10226,87849,Brassicaceae,1
Cardamine pratensis,compound,10304,87964,Brassicaceae,1
Carlina acaulis,simple,10746,89147,Asteraceae,1
Carlina vulgaris,simple,10752,89180,Asteraceae,1
Carpinus betulus,simple,10773,89200,Betulaceae,1
Carthamus lanatus,simple,10811,89232,Asteraceae,1
Carum carvi,compound,10820,89250,Apiaceae,1
Castanea sativa,simple,11068,89304,Fagaceae,1
Cedrus atlantica,simple,11381,89452,Pinaceae,1
Celtis australis,simple,11471,89468,Cannabaceae,1
Centaurea calcitrapa,simple,11563,89542,Asteraceae,1
Cyanus segetum,simple,11567,93680,Asteraceae,1
Centaurea jacea,simple,11583,89619,Asteraceae,1
Centaurea nigra,simple,11598,89653,Asteraceae,1
Centaurium erythraea,simple,11635,89840,Gentianaceae,1
Centranthus ruber,simple,11669,89888,Caprifoliaceae,1
Ceratonia siliqua,compound,11825,447038,Fabaceae,1
Cercis siliquastrum,simple,11857,90234,Fabaceae,1
Chamaemelum nobile,compound,12048,90470,Asteraceae,1
Chelidonium majus,compound,12151,90669,Papaveraceae,1
Chenopodium album,simple,12159,90681,Amaranthaceae,1
Chenopodium vulvaria,simple,12245,90836,Amaranthaceae,1
Chondrilla juncea,simple,12534,90954,Asteraceae,1
Cichorium intybus,simple,12917,91169,Asteraceae,1
Cicuta virosa,compound,12925,91199,Apiaceae,1
Cirsium acaulon,simple,13011,621080,Asteraceae,1
Cirsium arvense,simple,13016,91289,Asteraceae,1
Cirsium spinosissimum,simple,13065,91410,Asteraceae,1
Cistus ladanifer,simple,13144,91680,Cistaceae,1
Clematis recta,simple,13401,91880,Ranunculaceae,1
Clematis vitalba,compound,13413,91886,Ranunculaceae,1
Clinopodium vulgare,simple,13561,91912,Lamiaceae,1
Cochlearia officinalis,simple,13722,92052,Brassicaceae,1
Colchicum autumnale,simple,13878,92127,Colchicaceae,1
Colutea arborescens,compound,13980,92196,Fabaceae,1
Conium maculatum,compound,14183,92237,Apiaceae,1
Convallaria majalis,simple,14240,92282,Asparagaceae,1
Convolvulus arvensis,simple,14244,92302,Convolvulaceae,1
Coriaria myrtifolia,simple,14515,92467,Coriariaceae,1
Cornus mas,simple,14580,92497,Cornaceae,1
Cornus sanguinea,simple,14595,92501,Cornaceae,1
Corrigiola litoralis,simple,14638,92566,Caryophyllaceae,1
Corylus avellana,simple,14688,92606,Betulaceae,1
Cotinus coggygria,simple,14789,92631,Anacardiaceae,1
Crataegus azarolus,simple,15060,92824,Rosaceae,1
Crataegus laevigata,simple,15080,92864,Rosaceae,1
Crataegus monogyna,simple,15090,92876,Rosaceae,1
Crepis foetida,simple,15177,93045,Asteraceae,1
Crepis sancta,simple,15197,93129,Asteraceae,1
Crepis vesicaria,simple,15206,93157,Asteraceae,1
Crithmum maritimum,compound,15227,93190,Apiaceae,1
Cruciata laevipes,simple,15613,93308,Rubiaceae,1
Cupressus sempervirens,simple,15939,93590,Cupressaceae,1
Cuscuta epithymum,simple,15970,93621,Convolvulaceae,1
Cuscuta europaea,simple,15971,93623,Convolvulaceae,1
Cyclamen purpurascens,simple,16117,93708,Primulaceae,1
Cynodon dactylon,simple,16277,93803,Poaceae,1
Cynoglossum officinale,simple,16302,93840,Boraginaceae,1
Cyperus longus,simple,16416,93967,Cyperaceae,1
Cyperus rotundus,simple,16443,94011,Cyperaceae,1
Cytisus scoparius,compound,16641,94164,Fabaceae,1
Dactylis glomerata,simple,16700,94207,Poaceae,1
Dactylorhiza maculata,simple,16729,94266,Orchidaceae,1
Daphne gnidium,simple,16954,94427,Thymelaeaceae,1
Daphne laureola,simple,16958,94432,Thymelaeaceae,1
Daphne mezereum,simple,16960,94435,Thymelaeaceae,1
Datura stramonium,simple,17034,94489,Solanaceae,1
Daucus carota,compound,17041,94503,Apiaceae,1
Delphinium montanum,compound,17171,94590,Ranunculaceae,1
Deschampsia cespitosa,simple,17365,94626,Poaceae,1
Descurainia sophia,compound,17412,94645,Brassicaceae,1
Dianthus carthusianorum,simple,17587,94716,Caryophyllaceae,1
Dictamnus albus,compound,17797,94923,Rutaceae,1
Digitalis lutea,simple,17862,94945,Plantaginaceae,1
Digitalis purpurea,simple,17868,94959,Plantaginaceae,1
Diplotaxis tenuifolia,simple,18714,95136,Brassicaceae,1
Dipsacus fullonum,simple,18734,95149,Caprifoliaceae,1
Dittrichia graveolens,simple,18990,95186,Asteraceae,1
Dittrichia viscosa,simple,18991,95187,Asteraceae,1
Doronicum pardalianches,simple,19154,95239,Asteraceae,1
Charybdis maritima,simple,19299,161772,Asparagaceae,1
Drosera intermedia,simple,19339,95438,Droseraceae,1
Drosera anglica,simple,19340,95436,Droseraceae,1
Drosera anglica,simple,19340,95436,Droseraceae,1
Drosera rotundifolia,simple,19347,95442,Droseraceae,1
Dryas octopetala,simple,19375,95461,Rosaceae,1
Dryopteris filix-mas,compound,19413,95567,Dryopteridaceae,1
Ecballium elaterium,simple,19692,95662,Cucurbitaceae,1
Echium vulgare,simple,19822,95793,Boraginaceae,1
Eclipta prostrata,simple,19825,95806,Asteraceae,1
Elytrigia repens,simple,20359,96046,Poaceae,1
Ephedra distachya,simple,20753,96101,Ephedraceae,1
Chamaenerion angustifolium,simple,20801,90483,Onagraceae,0
Chamaenerion dodonaei,simple,20824,1019304,Onagraceae,0
Epilobium hirsutum,simple,20845,96180,Onagraceae,1
Epilobium montanum,simple,20863,96208,Onagraceae,1
Epilobium palustre,simple,20875,96226,Onagraceae,1
Epilobium parviflorum,simple,20877,96229,Onagraceae,1
Epilobium roseum,simple,20885,96251,Onagraceae,1
Epilobium tetragonum,simple,20893,96271,Onagraceae,1
Equisetum arvense,simple,20927,96508,Equisetaceae,1
Equisetum hyemale,simple,20931,96523,Equisetaceae,1
Equisetum palustre,simple,20934,96534,Equisetaceae,1
Equisetum sylvaticum,simple,20939,96545,Equisetaceae,1
Equisetum telmateia,simple,20940,96546,Equisetaceae,1
Equisetum variegatum,simple,20942,762284,Equisetaceae,1
Erica carnea,simple,21551,96664,Ericaceae,1
Erica ciliaris,simple,21554,96665,Ericaceae,1
Erica cinerea,simple,21555,96667,Ericaceae,1
Erica scoparia,simple,21596,96691,Ericaceae,1
Erica vagans,simple,21609,96698,Ericaceae,1
Erigeron acris,simple,21625,611688,Asteraceae,1
Erigeron canadensis,simple,21638,96749,Asteraceae,1
Erodium cicutarium,compound,21900,96895,Geraniaceae,1
Eryngium campestre,simple,21961,97141,Apiaceae,1
Euonymus europaeus,simple,23260,609982,Celastraceae,1
Eupatorium cannabinum,simple,23289,97434,Asteraceae,1
Euphorbia amygdaloides,simple,23331,97452,Euphorbiaceae,1
Euphorbia cyparissias,simple,23387,97490,Euphorbiaceae,1
Euphorbia helioscopia,simple,23444,97537,Euphorbiaceae,1
Euphorbia lathyris,simple,23476,97556,Euphorbiaceae,1
Euphorbia palustris,simple,23527,97601,Euphorbiaceae,1
Euphrasia nemorosa,simple,23657,97776,Orobanchaceae,1
Euphrasia officinalis,simple,23658,97781,Orobanchaceae,1
Fagus sylvatica,simple,23906,97947,Fagaceae,1
Ferula communis,compound,24101,98020,Apiaceae,1
Ferula glauca,compound,24101,98023,Apiaceae,1
Ficus carica,simple,24783,98653,Moraceae,1
Filipendula ulmaria,compound,24995,98717,Rosaceae,1
Filipendula vulgaris,compound,24996,98718,Rosaceae,1
Foeniculum vulgare,compound,25139,98756,Apiaceae,1
Fragaria vesca,compound,25213,98865,Rosaceae,1
Frangula alnus,simple,25217,98887,Rhamnaceae,1
Fraxinus angustifolia,compound,25240,98910,Oleaceae,1
Fraxinus excelsior,compound,25247,98921,Oleaceae,1
Fraxinus ornus,compound,25258,98933,Oleaceae,1
Fritillaria meleagris,simple,25308,98977,Liliaceae,1
Fumaria officinalis,compound,25355,99108,Papaveraceae,1
Galanthus nivalis,simple,25438,99233,Amaryllidaceae,1
Galega officinalis,compound,25451,99260,Fabaceae,1
Galeopsis ladanum,simple,25469,99305,Lamiaceae,1
Galeopsis segetum,simple,25471,99329,Lamiaceae,1
Galeopsis tetrahit,simple,25473,99334,Lamiaceae,1
Galinsoga parviflora,simple,25477,99358,Asteraceae,1
Galium album,simple,25483,99366,Rubiaceae,1
Galium aparine,simple,25487,99373,Rubiaceae,1
Galium mollugo,simple,25526,99473,Rubiaceae,1
Galium odoratum,simple,25533,99488,Rubiaceae,1
Galium palustre,simple,25535,99494,Rubiaceae,1
Galium verum,simple,25573,99582,Rubiaceae,1
Genista anglica,simple,25891,99721,Fabaceae,1
Genista cinerea,simple,25896,99735,Fabaceae,1
Genista scorpius,simple,25917,99815,Fabaceae,1
Genista tinctoria,simple,25923,99828,Fabaceae,1
Gentiana acaulis,simple,25944,99854,Gentianaceae,1
Gentiana cruciata,simple,25956,99881,Gentianaceae,1
Gentiana lutea,simple,25970,99903,Gentianaceae,1
Gentiana pneumonanthe,simple,25978,99922,Gentianaceae,1
Gentiana purpurea,simple,25984,99929,Gentianaceae,1
Gentiana verna,simple,25997,99953,Gentianaceae,1
Geranium robertianum,compound,26089,100142,Geraniaceae,1
Geranium rotundifolium,simple,26090,100144,Geraniaceae,1
Geranium sanguineum,simple,26092,100149,Geraniaceae,1
Geum montanum,compound,26140,100208,Rosaceae,1
Geum rivale,compound,26145,100215,Rosaceae,1
Geum urbanum,compound,26152,100225,Rosaceae,1
Glechoma hederacea,simple,26336,100310,Lamiaceae,1
Globularia alypum,simple,26381,100335,Plantaginaceae,1
Gratiola officinalis,simple,26836,100576,Plantaginaceae,1
Hedera helix,simple,27988,100787,Araliaceae,1
Helianthemum nummularium,simple,28106,100956,Cistaceae,1
Helianthemum nummularium,simple,28106,100956,Cistaceae,1
Helianthemum nummularium,simple,28112,100956,Cistaceae,1
Helianthemum nummularium,simple,28112,100956,Cistaceae,1
Helichrysum italicum,simple,28175,101080,Asteraceae,1
Helichrysum stoechas,simple,28185,101101,Asteraceae,1
Heliotropium europaeum,simple,28353,101144,Heliotropiaceae,1
Helleborus foetidus,compound,28383,101188,Ranunculaceae,1
Helleborus viridis,compound,28387,101202,Ranunculaceae,1
Heracleum sphondylium,compound,28473,101300,Apiaceae,1
Herniaria cinerea,simple,28561,101405,Caryophyllaceae,1
Herniaria glabra,simple,28562,101411,Caryophyllaceae,1
Herniaria hirsuta,simple,28563,101412,Caryophyllaceae,1
Hesperis matronalis,simple,28585,101460,Brassicaceae,1
Hieracium murorum,simple,28985,102235,Asteraceae,1
Hieracium umbellatum,simple,29079,102671,Asteraceae,1
Hippophae rhamnoides,simple,29221,102863,Elaeagnaceae,1
Humulus lupulus,compound,29681,103031,Cannabaceae,1
Hyacinthoides non-scripta,simple,29696,103057,Asparagaceae,1
Hyoscyamus albus,simple,29878,103178,Solanaceae,1
Hyoscyamus niger,simple,29883,103185,Solanaceae,1
Hypericum androsaemum,simple,29958,103245,Hypericaceae,1
Hypericum perforatum,simple,30010,103316,Hypericaceae,1
Hypericum pulchrum,simple,30012,103320,Hypericaceae,1
Hypericum tetrapterum,simple,30021,103329,Hypericaceae,1
Hypochaeris radicata,simple,30052,103375,Asteraceae,1
Hyssopus officinalis,simple,30135,103406,Lamiaceae,1
Ilex aquifolium,simple,30228,103514,Aquifoliaceae,1
Impatiens balsamina,simple,30376,445494,Balsaminaceae,1
Impatiens noli-tangere,simple,30393,103553,Balsaminaceae,1
Inula helenium,simple,30677,103627,Asteraceae,1
Iris pseudacorus,simple,30870,103772,Iridaceae,1
Isatis tinctoria,simple,31014,103817,Brassicaceae,1
Juncus effusus,simple,31479,104173,Juncaceae,1
Juniperus communis,simple,31556,104397,Cupressaceae,1
Juniperus oxycedrus,simple,31578,104409,Cupressaceae,1
Juniperus sabina,simple,31587,104413,Cupressaceae,1
Juniperus thurifera,simple,31595,104419,Cupressaceae,1
Kickxia elatine,simple,31770,104502,Plantaginaceae,1
Knautia arvensis,simple,31809,104516,Caprifoliaceae,1
Lactuca perennis,simple,32123,104764,Asteraceae,1
Lactuca serriola,simple,32132,104775,Asteraceae,1
Lactuca viminea,simple,32138,104786,Asteraceae,1
Lactuca virosa,simple,32139,104787,Asteraceae,1
Lamium album,simple,32229,104854,Lamiaceae,1
Lamium amplexicaule,simple,32230,104855,Lamiaceae,1
Lamium galeobdolon,simple,32235,104876,Lamiaceae,1
Lamium maculatum,simple,32240,104889,Lamiaceae,1
Lamium purpureum,simple,32245,104903,Lamiaceae,1
Lapsana communis,simple,32357,105017,Asteraceae,1
Larix decidua,simple,32364,105042,Pinaceae,1
Lathyrus latifolius,compound,32484,105211,Fabaceae,1
Lathyrus sylvestris,compound,32509,105266,Fabaceae,1
Laurus nobilis,simple,32543,105295,Lauraceae,1
Lavandula angustifolia,simple,32547,105297,Lamiaceae,1
Lavandula latifolia,simple,32551,105312,Lamiaceae,1
Lavandula stoechas,simple,32556,105321,Lamiaceae,1
Lemna gibba,simple,32702,105427,Araceae,1
Lemna minor,simple,32703,105431,Araceae,1
Lepidium draba,simple,32777,105621,Brassicaceae,1
Leucanthemum vulgare,simple,33153,105817,Asteraceae,1
Ligustrum vulgare,simple,33431,105966,Oleaceae,1
Lilium bulbiferum,simple,33434,105979,Liliaceae,1
Lilium martagon,simple,33444,105989,Liliaceae,1
Linaria repens,simple,33543,106213,Plantaginaceae,1
Linaria vulgaris,simple,33555,106234,Plantaginaceae,1
Linum catharticum,simple,33635,106288,Linaceae,1
Lithospermum officinale,simple,33806,106396,Boraginaceae,1
Lonicera etrusca,simple,34128,106565,Caprifoliaceae,1
Lonicera nigra,simple,34148,106574,Caprifoliaceae,1
Lonicera periclymenum,simple,34153,106581,Caprifoliaceae,1
Lonicera xylosteum,simple,34168,106595,Caprifoliaceae,1
Lotus corniculatus,compound,34249,106653,Fabaceae,1
Lycium barbarum,simple,34544,106965,Solanaceae,1
Lycopus europaeus,simple,34605,107038,Lamiaceae,1
Lysimachia nummularia,simple,34660,107073,Primulaceae,1
Lysimachia vulgaris,simple,34666,107090,Primulaceae,1
Lythrum salicaria,simple,34676,107117,Lythraceae,1
Malus sylvestris,simple,35256,107217,Rosaceae,1
Malva alcea,simple,35262,107224,Malvaceae,1
Malva moschata,compound,35268,107282,Malvaceae,1
Malva sylvestris,simple,35274,107318,Malvaceae,1
Marrubium vulgare,simple,35556,107397,Lamiaceae,1
Matricaria chamomilla,compound,35671,107440,Asteraceae,1
Matricaria discoidea,compound,35672,107446,Asteraceae,1
Melampyrum arvense,simple,35984,107786,Orobanchaceae,1
Melissa officinalis,simple,36165,107992,Lamiaceae,1
Melittis melissophyllum,simple,36167,108003,Lamiaceae,1
Mentha aquatica,simple,36265,108027,Lamiaceae,1
Mentha arvensis,simple,36266,108029,Lamiaceae,1
Mentha longifolia,simple,36274,108103,Lamiaceae,1
Mentha pulegium,simple,36277,108138,Lamiaceae,1
Mentha suaveolens,simple,36283,108168,Lamiaceae,1
Menyanthes trifoliata,compound,36302,108345,Menyanthaceae,1
Mercurialis annua,simple,36306,108351,Euphorbiaceae,1
Mercurialis perennis,simple,36311,108361,Euphorbiaceae,1
Crataegus germanica,simple,36364,92854,Rosaceae,1
Meum athamanticum,compound,36414,108454,Apiaceae,1
Myosotis arvensis,simple,37495,108996,Boraginaceae,1
Myosotis sylvatica,simple,37514,109104,Boraginaceae,1
Myrica gale,simple,37586,109130,Myricaceae,1
Myrrhis odorata,compound,37669,109161,Apiaceae,1
Myrtus communis,simple,37705,109186,Myrtaceae,1
Narcissus poeticus,simple,37745,109291,Amaryllidaceae,1
Narcissus pseudonarcissus,simple,37746,109297,Amaryllidaceae,1
Nasturtium officinale,compound,37768,109422,Brassicaceae,1
Neottia nidus-avis,simple,38028,109506,Orchidaceae,1
Nigella arvensis,compound,38225,109620,Ranunculaceae,1
Nigella damascena,compound,38227,109625,Ranunculaceae,1
Nuphar lutea,simple,38364,109732,Nymphaeaceae,1
Nuphar pumila,simple,38366,109735,Nymphaeaceae,1
Nymphaea alba,simple,38378,109750,Nymphaeaceae,1
Oenanthe aquatica,compound,38663,109861,Apiaceae,1
Oenothera biennis,simple,38688,109911,Onagraceae,1
Ononis natrix,compound,38988,110211,Fabaceae,1
Ononis spinosa,compound,38997,110236,Fabaceae,1
Onopordum acanthium,simple,39002,110244,Asteraceae,1
Orchis mascula,simple,39152,110914,Orchidaceae,1
Origanum vulgare,simple,39210,111289,Lamiaceae,1
Loncomelos pyrenaicus,simple,39281,106546,Asparagaceae,1
Ornithogalum umbellatum,simple,39286,111391,Asparagaceae,1
Orthilia secunda,simple,39339,111771,Ericaceae,1
Osmunda regalis,compound,39427,111815,Osmundaceae,1
Oxalis acetosella,compound,39564,111859,Oxalidaceae,1
Oxytropis campestris,compound,39653,111974,Fabaceae,1
Paeonia officinalis,compound,39795,112042,Paeoniaceae,1
Paliurus spina-christi,simple,39891,112061,Rhamnaceae,1
Papaver dubium,compound,40152,112303,Papaveraceae,1
Papaver rhoeas,compound,40195,112355,Papaveraceae,1
Parietaria judaica,simple,40305,112410,Urticaceae,1
Parietaria officinalis,simple,40307,112413,Urticaceae,1
Paris quadrifolia,simple,40337,112421,Melanthiaceae,1
Parnassia palustris,simple,40381,112426,Celastraceae,1
Parthenocissus tricuspidata,simple,40430,112467,Vitaceae,1
Pastinaca sativa,compound,40533,112550,Apiaceae,1
Pedicularis palustris,compound,40701,112590,Orobanchaceae,1
Pedicularis sylvatica,compound,40711,112601,Orobanchaceae,1
Persicaria hydropiper,simple,41190,112739,Polygonaceae,1
Persicaria maculosa,simple,41193,112745,Polygonaceae,1
Petasites hybridus,simple,41263,112783,Asteraceae,1
Phleum pratense,simple,41549,113221,Poaceae,1
Phragmites australis,simple,41658,113260,Poaceae,1
Phytolacca americana,simple,41897,113418,Phytolaccaceae,1
Picea abies,simple,41907,113432,Pinaceae,1
Pilosella officinarum,simple,42016,113525,Asteraceae,1
Pimpinella major,compound,42065,113579,Apiaceae,1
Pimpinella saxifraga,compound,42069,113596,Apiaceae,1
Pinus cembra,simple,42105,113651,Pinaceae,1
Pinus halepensis,simple,42129,113665,Pinaceae,1
Pinus mugo,simple,42157,113682,Pinaceae,1
Pinus pinaster,simple,42166,113689,Pinaceae,1
Pinus pinea,simple,42167,113690,Pinaceae,1
Pinus sylvestris,simple,42185,113703,Pinaceae,1
Pistacia lentiscus,compound,42352,113744,Anacardiaceae,1
Plantago afra,simple,42502,113804,Plantaginaceae,1
Plantago arenaria,compound,42510,113809,Plantaginaceae,1
Plantago coronopus,simple,42521,113842,Plantaginaceae,1
Plantago lanceolata,simple,42541,113893,Plantaginaceae,1
Plantago major,simple,42544,113904,Plantaginaceae,1
Plantago ovata,simple,42551,113924,Plantaginaceae,1
Plantago sempervirens,compound,42561,113957,Plantaginaceae,1
Polygala vulgaris,simple,43193,114595,Polygalaceae,1
Polygonatum multiflorum,simple,43204,114611,Asparagaceae,1
Polygonatum odoratum,simple,43205,114612,Asparagaceae,1
Polygonum aviculare,simple,43221,114658,Polygonaceae,1
Polypodium vulgare,compound,43323,115016,Polypodiaceae,1
Populus alba,simple,43493,115110,Salicaceae,1
Populus nigra,simple,43519,115145,Salicaceae,1
Populus tremula,simple,43532,115156,Salicaceae,1
Portulaca oleracea,simple,43573,115215,Portulacaceae,1
Potamogeton natans,simple,43614,115280,Potamogetonaceae,1
Potentilla argentea,compound,43638,115407,Rosaceae,1
Potentilla erecta,compound,43663,115470,Rosaceae,1
Potentilla reptans,compound,43716,115624,Rosaceae,1
Prenanthes purpurea,simple,44013,115813,Asteraceae,1
Primula elatior,simple,44042,115865,Primulaceae,1
Primula farinosa,simple,44044,115868,Primulaceae,1
Primula veris,simple,44078,115918,Primulaceae,1
Prunella vulgaris,simple,44289,116012,Lamiaceae,1
Prunus avium,simple,44304,116043,Rosaceae,1
Prunus laurocerasus,simple,44364,116089,Rosaceae,1
Prunus mahaleb,simple,44371,116096,Rosaceae,1
Prunus padus,simple,44388,116109,Rosaceae,1
Prunus spinosa,simple,44422,116142,Rosaceae,1
Pseudotsuga menziesii,simple,44567,116216,Pinaceae,1
Pteridium aquilinum,compound,44805,116265,Dennstaedtiaceae,1
Pulicaria dysenterica,simple,45023,116392,Asteraceae,1
Pulmonaria australis,simple,45034,116412,Boraginaceae,1
Pulmonaria longifolia,simple,45036,116416,Boraginaceae,1
Pulmonaria officinalis,simple,45040,116422,Boraginaceae,1
Pulsatilla vernalis,compound,45060,116459,Ranunculaceae,1
Pulsatilla vulgaris,compound,45061,116460,Ranunculaceae,1
Pyrola rotundifolia,simple,45189,116547,Ericaceae,1
Pyrus communis,simple,45232,116574,Rosaceae,1
Quercus ilex,simple,45402,116704,Fagaceae,1
Quercus petraea,simple,45457,521658,Fagaceae,1
Quercus pubescens,simple,45465,116751,Fagaceae,1
Quercus pyrenaica,simple,45468,116754,Fagaceae,1
Quercus robur,simple,45470,116759,Fagaceae,1
Ranunculus acris,compound,45587,116903,Ranunculaceae,1
Ranunculus bulbosus,compound,45613,116952,Ranunculaceae,1
Ranunculus montanus,simple,45679,117125,Ranunculaceae,1
Ranunculus repens,compound,45737,117201,Ranunculaceae,1
Ranunculus sceleratus,simple,45748,117224,Ranunculaceae,1
Reseda luteola,simple,45915,117459,Resedaceae,1
Reynoutria japonica,simple,45956,117503,Polygonaceae,1
Rhamnus cathartica,simple,45983,117530,Rhamnaceae,1
Rhodiola rosea,simple,46137,117668,Crassulaceae,1
Rhododendron ferrugineum,simple,46174,117679,Ericaceae,1
Rhus coriaria,compound,46310,117712,Anacardiaceae,1
Ribes rubrum,simple,46527,117774,Grossulariaceae,1
Ribes uva-crispa,simple,46535,117787,Grossulariaceae,1
Ricinus communis,simple,46557,117806,Euphorbiaceae,1
Rosa arvensis,compound,46721,118016,Rosaceae,1
Rosa canina,compound,46728,118073,Rosaceae,1
Rosa pendulina,compound,46768,118397,Rosaceae,1
Rubia peregrina,simple,46878,118916,Rubiaceae,1
Rubia tinctorum,simple,46881,118920,Rubiaceae,1
Rubus fruticosus,compound,47059,119097,Rosaceae,1
Rubus idaeus,compound,47124,119149,Rosaceae,1
Rumex acetosa,simple,47451,119418,Polygonaceae,1
Rumex acetosella,simple,47452,119419,Polygonaceae,1
Rumex alpinus,simple,47456,119435,Polygonaceae,1
Rumex crispus,simple,47468,119473,Polygonaceae,1
Rumex obtusifolius,simple,47498,119550,Polygonaceae,1
Rumex patientia,simple,47501,119558,Polygonaceae,1
Ruscus aculeatus,simple,47558,119698,Asparagaceae,1
Sagittaria sagittifolia,simple,47714,119860,Alismataceae,1
Salicornia europaea,simple,47757,119881,Amaranthaceae,1
Salix alba,simple,47776,119915,Salicaceae,1
Salix caprea,simple,47806,119977,Salicaceae,1
Salix myrsinifolia,simple,47888,120135,Salicaceae,1
Salix purpurea,simple,47913,120189,Salicaceae,1
Salvia fruticosa,compound,48116,120642,Lamiaceae,1
Salvia glutinosa,simple,48118,120643,Lamiaceae,1
Salvia officinalis,simple,48147,120678,Lamiaceae,1
Salvia pratensis,simple,48156,120685,Lamiaceae,1
Sambucus ebulus,compound,48201,120712,Viburnaceae,1
Sambucus nigra,compound,48206,120717,Viburnaceae,1
Sambucus racemosa,compound,48209,120720,Viburnaceae,1
Poterium sanguisorba,compound,48233,115789,Rosaceae,1
Sanguisorba officinalis,compound,48235,120758,Rosaceae,1
Sanicula europaea,compound,48244,120772,Apiaceae,1
Santolina chamaecyparissus,compound,48303,120785,Asteraceae,1
Saponaria ocymoides,simple,48361,120823,Caryophyllaceae,1
Saponaria officinalis,simple,48362,120824,Caryophyllaceae,1
Satureja montana,simple,48472,120908,Lamiaceae,1
Saxifraga granulata,simple,48601,121065,Saxifragaceae,1
Scabiosa columbaria,compound,48641,121334,Caprifoliaceae,1
Scandix pecten-veneris,compound,48687,121449,Apiaceae,1
Scilla bifolia,simple,49008,121606,Asparagaceae,1
Scleranthus annuus,simple,49087,121823,Caryophyllaceae,1
Scrophularia auriculata,simple,49223,121999,Scrophulariaceae,1
Scrophularia nodosa,simple,49239,122028,Scrophulariaceae,1
Scutellaria galericulata,simple,49261,122069,Lamiaceae,1
Sedum acre,simple,49361,122101,Crassulaceae,1
Sedum album,simple,49363,122106,Crassulaceae,1
Sedum cepaea,simple,49371,122140,Crassulaceae,1
Sedum rubens,simple,49395,122243,Crassulaceae,1
Sempervivum arachnoideum,simple,49468,122419,Crassulaceae,1
Sempervivum montanum,simple,49473,122467,Crassulaceae,1
Sempervivum tectorum,simple,49475,122493,Crassulaceae,1
Senecio doronicum,simple,49526,122593,Asteraceae,1
Senecio ovatus,simple,49594,122675,Asteraceae,1
Senecio sarracenicus,simple,49614,122714,Asteraceae,1
Senecio sylvaticus,simple,49629,122726,Asteraceae,1
Senecio vulgaris,simple,49638,122745,Asteraceae,1
Serratula tinctoria,simple,49774,122971,Asteraceae,1
Sideritis hyssopifolia,simple,50123,123258,Lamiaceae,1
Silene vulgaris,simple,50304,123683,Caryophyllaceae,1
Silybum marianum,simple,50313,123705,Asteraceae,1
Sinapis alba,compound,50347,123711,Brassicaceae,1
Sinapis arvensis,simple,50348,123713,Brassicaceae,1
Sisymbrium officinale,simple,50427,123863,Brassicaceae,1
Solanum dulcamara,simple,50679,124034,Solanaceae,1
Solanum nigrum,simple,50755,124080,Solanaceae,1
Soldanella alpina,simple,50853,124139,Primulaceae,1
Solidago canadensis,simple,50873,124164,Asteraceae,1
Solidago gigantea,simple,50876,124168,Asteraceae,1
Solidago virgaurea,simple,50905,124205,Asteraceae,1
Sonchus arvensis,simple,50913,124232,Asteraceae,1
Sonchus asper,simple,50914,124233,Asteraceae,1
Sorbus aucuparia,compound,50997,124308,Rosaceae,1
Cormus domestica,compound,51024,92488,Rosaceae,1
Spartium junceum,simple,51228,124453,Fabaceae,1
Spergula arvensis,simple,51244,124499,Caryophyllaceae,1
Spergularia rubra,simple,51261,124578,Caryophyllaceae,1
Stachys annua,simple,51533,124741,Lamiaceae,1
Stachys arvensis,simple,51535,124744,Lamiaceae,1
Betonica officinalis,simple,51552,85852,Lamiaceae,1
Stachys palustris,simple,51554,124798,Lamiaceae,1
Stachys sylvatica,simple,51561,124814,Lamiaceae,1
Stellaria aquatica,simple,51618,124970,Caryophyllaceae,1
Rabelera holostea,simple,51629,999933,Caryophyllaceae,1
Stellaria media,simple,51634,125014,Caryophyllaceae,1
Succisa pratensis,simple,52337,125295,Caprifoliaceae,1
Symphoricarpos albus,simple,52513,125324,Caprifoliaceae,1
Symphytum bulbosum,simple,52528,125343,Boraginaceae,1
Symphytum officinale,simple,52530,125355,Boraginaceae,1
Tamarix gallica,simple,52980,125426,Tamaricaceae,1
Tanacetum parthenium,compound,53016,125469,Asteraceae,1
Tanacetum vulgare,compound,53018,125474,Asteraceae,1
Taxus baccata,simple,53526,125816,Taxaceae,1
Teucrium chamaedrys,simple,53949,125981,Lamiaceae,1
Teucrium montanum,simple,53962,126008,Lamiaceae,1
Teucrium polium,simple,53965,126019,Lamiaceae,1
Teucrium scorodonia,simple,53973,126035,Lamiaceae,1
Thymus nitens,simple,54253,126552,Lamiaceae,1
Thymus serpyllum,simple,54268,126573,Lamiaceae,1
Thymus vulgaris,simple,54274,126582,Lamiaceae,1
Tilia cordata,simple,54325,126628,Malvaceae,1
Tilia platyphyllos,simple,54344,126650,Malvaceae,1
Tragopogon pratensis,simple,54643,127029,Asteraceae,1
Tribulus terrestris,compound,54718,127131,Zygophyllaceae,1
Trifolium alpinum,compound,54920,127219,Fabaceae,1
Trifolium arvense,compound,54926,127230,Fabaceae,1
Trifolium pratense,compound,54991,127439,Fabaceae,1
Trollius europaeus,compound,55291,127872,Ranunculaceae,1
Tussilago farfara,simple,55378,128042,Asteraceae,1
Typha latifolia,simple,55399,128077,Typhaceae,1
Ulmus minor,simple,55465,128175,Ulmaceae,1
Umbilicus rupestris,simple,55489,128215,Crassulaceae,1
Urtica dioica,simple,55598,128268,Urticaceae,1
Urtica urens,simple,55609,128298,Urticaceae,1
Vaccinium myrtillus,simple,55736,128345,Ericaceae,1
Vaccinium vitis-idaea,simple,55754,128355,Ericaceae,1
Valeriana montana,simple,55771,128416,Caprifoliaceae,1
Valeriana officinalis,compound,55773,128419,Caprifoliaceae,1
Valerianella locusta,simple,55801,128476,Caprifoliaceae,1
Veratrum album,simple,55963,128520,Melanthiaceae,1
Verbascum densiflorum,simple,55982,128567,Scrophulariaceae,1
Verbascum nigrum,simple,55994,128615,Scrophulariaceae,1
Verbascum thapsus,simple,56010,128660,Scrophulariaceae,1
Verbena officinalis,simple,56033,128754,Verbenaceae,1
Veronica beccabunga,simple,56238,128808,Plantaginaceae,1
Veronica chamaedrys,simple,56242,128832,Plantaginaceae,1
Veronica officinalis,simple,56262,128938,Plantaginaceae,1
Viburnum lantana,simple,56319,129083,Viburnaceae,1
Viburnum opulus,simple,56323,129087,Viburnaceae,1
Vinca major,simple,56477,129468,Apocynaceae,1
Vinca minor,simple,56478,129470,Apocynaceae,1
Vincetoxicum hirundinaria,simple,56482,129477,Apocynaceae,1
Viola arvensis,simple,56491,129506,Violaceae,1
Viola biflora,simple,56497,129520,Violaceae,1
Viola calcarata,simple,56502,129527,Violaceae,1
Viola canina,simple,56505,129529,Violaceae,1
Viola collina,simple,56508,129539,Violaceae,1
Viola lutea,simple,56535,129614,Violaceae,1
Viola odorata,simple,56546,129632,Violaceae,1
Viola palustris,simple,56549,129639,Violaceae,1
Viola reichenbachiana,simple,56566,129666,Violaceae,1
Viola rupestris,simple,56571,129674,Violaceae,1
Viola tricolor,simple,56588,129723,Violaceae,1
Viscum album,simple,56635,129906,Viscaceae,1
Xanthium orientale,simple,57120,130484,Asteraceae,1
Xanthium spinosum,simple,57127,130491,Asteraceae,1
Xanthium strumarium,simple,57128,130492,Asteraceae,1
Ziziphus jujuba,simple,57554,162352,Rhamnaceae,1
Argentina anserina,compound,64234,83714,Rosaceae,1
Plumbago europaea,simple,70596,114080,Plumbaginaceae,1
Santolina corsica,compound,71245,120786,Asteraceae,1
Clinopodium grandiflorum,simple,72497,91904,Lamiaceae,1
Achillea tomentosa,compound,73481,79939,Asteraceae,1
Aconitum anthora,simple,73526,80007,Ranunculaceae,1
Aristolochia clematitis,simple,75335,83777,Aristolochiaceae,1
Artemisia glacialis,compound,75422,83974,Asteraceae,1
Clinopodium nepeta,simple,79111,91910,Lamiaceae,1
Staphisagria macrosperma,simple,80856,124848,Ranunculaceae,1
Dioscorea communis,simple,81266,611652,Dioscoreaceae,1
Dracunculus vulgaris,compound,81745,95425,Araceae,1
Dysphania ambrosioides,simple,81989,611753,Amaranthaceae,1
Ficaria verna,simple,83492,98651,Ranunculaceae,1
Galatella sedifolia,simple,83858,610594,Asteraceae,1
Hypericum nummularium,simple,86573,103308,Hypericaceae,1
Imperatoria ostruthium,compound,86787,103578,Apiaceae,1
Pulmonaria affinis,simple,95079,116407,Boraginaceae,1
Ramonda myconi,simple,95303,116876,Gesneriaceae,1
Teucrium marum,simple,99690,126006,Lamiaceae,1
Valeriana celtica,simple,100721,128391,Caprifoliaceae,1
Viola jordanii,simple,101002,129596,Violaceae,1
Hepatica nobilis,simple,203058,101253,Ranunculaceae,1
Centaurea benedicta,simple,212628,89531,Asteraceae,1
Chiliadenus glutinosus,simple,213567,717139,Asteraceae,1
Cyanus montanus,simple,218825,93673,Asteraceae,1
Dysphania botrys,simple,222365,611755,Amaranthaceae,1
Galatella linosyris,simple,229224,99244,Asteraceae,1
Gymnadenia nigra,simple,232102,100613,Orchidaceae,1
Jacobaea adonidifolia,compound,235383,103985,Asteraceae,1
Jacobaea alpina,simple,235384,610648,Asteraceae,1
Jacobaea incana,simple,235392,610642,Asteraceae,1
Jacobaea leucophylla,simple,235395,610647,Asteraceae,1
Jacobaea maritima,simple,235396,610643,Asteraceae,1
Jacobaea vulgaris,simple,235402,610646,Asteraceae,1
Physalis alkekengi,simple,250480,113321,Solanaceae,1
Leontopodium nivale,simple,338513,611031,Asteraceae,1
Oxybasis glauca,simple,357761,717359,Amaranthaceae,1
Taraxacum officinale,simple,391852,717630,Asteraceae,0
Taraxacum officinale,simple,391852,717630,Asteraceae,1
Arundo micrantha,simple,407006,84195,Poaceae,1
Blitum bonus-henricus,simple,408597,994837,Amaranthaceae,1
Delphinium consolida,compound,419739,94572,Ranunculaceae,1
Erysimum cheiri,simple,425541,97185,Brassicaceae,1
Hylotelephium telephium,simple,430714,103162,Crassulaceae,1
Iris germanica,simple,432139,103737,Iridaceae,1
Petrosedum rupestre,simple,445080,112816,Crassulaceae,1
Salvia rosmarinus,simple,451852,1027822,Lamiaceae,0
Melilotus albus,compound,459563,107886,Fabaceae,1
Melilotus altissimus,compound,459564,107887,Fabaceae,1
Melilotus officinalis,compound,459576,107942,Fabaceae,1
Abutilon theophrasti,simple,139,79684,Malvaceae,0
Acer pseudoplatanus,simple,855,79783,Sapindaceae,0
Aethionema saxatile,simple,1590,80350,Brassicaceae,0
Agrostis alpina,simple,1877,80564,Poaceae,0
Agrostis stolonifera,simple,2065,80759,Poaceae,0
Albizia julibrissin,compound,2237,447347,Fabaceae,0
Alchemilla glaucescens,simple,2329,81091,Rosaceae,0
Alchemilla subglobosa,simple,2378,717722,Rosaceae,0
Alisma gramineum,simple,2471,81260,Alismataceae,0
Allium angulosum,simple,2504,81316,Amaryllidaceae,0
Allium carinatum,simple,2515,81336,Amaryllidaceae,0
Allium flavum,simple,2532,81376,Amaryllidaceae,0
Allium scorodoprasum,simple,2568,81510,Amaryllidaceae,0
Alopecurus geniculatus,simple,2854,81637,Poaceae,0
Alopecurus myosuroides,simple,2869,81648,Poaceae,0
Alopecurus pratensis,simple,2872,81656,Poaceae,0
Alternanthera philoxeroides,simple,2993,81831,Amaranthaceae,0
Amaranthus blitum,simple,3104,81966,Amaranthaceae,0
Amaranthus cruentus,simple,3111,81976,Amaranthaceae,0
Amaranthus hybridus,simple,3120,81992,Amaranthaceae,0
Ambrosia psilostachya,simple,3168,610847,Asteraceae,0
Ammannia coccinea,simple,3206,82120,Lythraceae,0
Anacamptis coriophora,simple,202844,82282,Orchidaceae,0
Anacamptis pyramidalis,simple,3375,82288,Orchidaceae,0
Anarrhinum bellidifolium,simple,3437,82356,Plantaginaceae,0
Andromeda polifolia,simple,3515,82420,Ericaceae,0
Androsace alpina,simple,3643,82478,Primulaceae,0
Androsace lactea,simple,3648,82509,Primulaceae,0
Androsace obtusifolia,simple,3650,82519,Primulaceae,0
Androsace vitaliana,simple,65554,82545,Primulaceae,0
Andryala ragusina,simple,3662,82571,Asteraceae,0
Antennaria carpatica,simple,3922,82794,Asteraceae,0
Anthericum liliago,simple,3979,82903,Asparagaceae,0
Anthericum ramosum,simple,3980,82909,Asparagaceae,0
Anthoxanthum aristatum,simple,4026,82916,Poaceae,0
Anthriscus caucalis,compound,4042,82931,Apiaceae,0
Aphanes arvensis,simple,4185,83159,Rosaceae,0
Aposeris foetida,simple,4291,83234,Asteraceae,0
Arabidopsis arenosa,simple,75112,610746,Brassicaceae,0
Arabis alpina,simple,4342,83279,Brassicaceae,0
Arctium nemorosum,simple,4493,83503,Asteraceae,0
Arctium tomentosum,simple,4498,83507,Asteraceae,0
Argyrolobium zanonii,compound,4689,83722,Fabaceae,0
Aristolochia pallida,simple,5054,83789,Aristolochiaceae,0
Armeria alpina,simple,5078,83808,Plumbaginaceae,0
Arnoseris minima,simple,5107,83890,Asteraceae,0
Artemisia campestris,compound,5176,83953,Asteraceae,0
Artemisia pontica,compound,5225,84021,Asteraceae,0
Artemisia verlotiorum,compound,5255,84057,Asteraceae,0
Asparagus acutifolius,simple,5526,84264,Asparagaceae,0
Asperula aristata,simple,5555,84296,Rubiaceae,0
Asperula arvensis,simple,5556,84297,Rubiaceae,0
Asperula purpurea,simple,5567,84319,Rubiaceae,0
Asphodelus fistulosus,simple,5576,84355,Asphodelaceae,0
Asplenium viride,compound,5707,84540,Aspleniaceae,0
Astragalus hamosus,compound,5851,84846,Fabaceae,0
Athyrium filix-femina,compound,6006,84999,Athyriaceae,0
Atractylis humilis,simple,6028,85023,Asteraceae,0
Atriplex laciniata,simple,6101,85079,Amaranthaceae,0
Atriplex patula,simple,6142,85102,Amaranthaceae,0
Avena sterilis,simple,6344,85374,Poaceae,0
Avena strigosa,simple,6345,85378,Poaceae,0
Barbarea intermedia,simple,6898,85536,Brassicaceae,0
Bartsia alpina,simple,6930,85602,Orobanchaceae,0
Bellis annua,simple,7172,85728,Asteraceae,0
Bidens connata,compound,7391,85949,Asteraceae,0
Bidens frondosa,compound,7395,85957,Asteraceae,0
Bidens radiata,compound,7404,85978,Asteraceae,0
Bifora radians,compound,7419,85997,Apiaceae,0
Bistorta vivipara,simple,7474,86082,Polygonaceae,0
Blackstonia acuminata,simple,7484,86084,Gentianaceae,0
Blysmus compressus,simple,7592,86124,Cyperaceae,0
Brachypodium distachyon,simple,8141,86262,Poaceae,0
Brachypodium pinnatum,simple,8151,86289,Poaceae,0
Brachypodium retusum,simple,8154,86297,Poaceae,0
Brassica oleracea,simple,8257,86406,Brassicaceae,0
Bromus arvensis,simple,8410,86537,Poaceae,0
Bromus commutatus,simple,8433,86571,Poaceae,0
Bromus hordeaceus,simple,8453,86634,Poaceae,0
Buglossoides incrassata,simple,289270,610662,Boraginaceae,0
Buphthalmum salicifolium,simple,8871,87009,Asteraceae,0
Bupleurum rigidum,simple,8890,87093,Apiaceae,0
Calamagrostis arundinacea,simple,9114,87212,Poaceae,0
Campanula barbata,simple,9933,87607,Campanulaceae,0
Campanula bononiensis,simple,9936,87613,Campanulaceae,0
Campanula erinus,simple,9946,87636,Campanulaceae,0
Cardamine heptaphylla,compound,10294,87925,Brassicaceae,0
Cardamine hirsuta,compound,10295,87930,Brassicaceae,0
Cardamine impatiens,compound,10296,87933,Brassicaceae,0
Carduus acanthoides,simple,10331,88059,Asteraceae,0
Carex arenaria,simple,10366,88349,Cyperaceae,0
Carex brunnescens,simple,10392,88400,Cyperaceae,0
Carex curvula,simple,10418,88453,Cyperaceae,0
Carex demissa,simple,10423,771637,Cyperaceae,0
Carex extensa,simple,10451,88502,Cyperaceae,0
Carex halleriana,simple,10489,88560,Cyperaceae,0
Carex humilis,simple,10503,88582,Cyperaceae,0
Carex liparocarpos,simple,10544,88637,Cyperaceae,0
Carex mucronata,simple,10575,88693,Cyperaceae,0
Carex otrubae,simple,10597,88741,Cyperaceae,0
Carex pilulifera,simple,10620,88775,Cyperaceae,0
Carex remota,simple,10641,88819,Cyperaceae,0
Carex riparia,simple,10645,88833,Cyperaceae,0
Carex tomentosa,simple,NA,88916,Cyperaceae,0
Carex vaginata,simple,10701,88932,Cyperaceae,0
Carex viridula,simple,10703,88949,Cyperaceae,0
Catananche caerulea,simple,11190,89330,Asteraceae,0
Centaurea stoebe,simple,11626,89716,Asteraceae,0
Centaurium littorale,simple,11636,89845,Gentianaceae,0
Cephalaria leucantha,compound,11728,89940,Caprifoliaceae,0
Cerastium brachypetalum,simple,11773,89979,Caryophyllaceae,0
Cerastium pumilum,simple,11796,90076,Caryophyllaceae,0
Ceratocephala falcata,simple,11815,90180,Ranunculaceae,0
Chamaenerion angustifolium,simple,20801,90483,Onagraceae,1
Chenopodium ficifolium,simple,12185,90724,Amaranthaceae,0
Chrysosplenium alternifolium,simple,12744,91118,Saxifragaceae,0
Chrysosplenium oppositifolium,simple,12748,91120,Saxifragaceae,0
Circaea alpina,simple,13005,91256,Onagraceae,0
Cirsium dissectum,simple,13027,91322,Asteraceae,0
Cirsium oleraceum,simple,13049,91378,Asteraceae,0
Cirsium tuberosum,simple,13070,91422,Asteraceae,0
Cirsium vulgare,simple,13072,91430,Asteraceae,0
Cistus albidus,simple,13138,91630,Cistaceae,0
Cistus salviifolius,simple,13156,91715,Cistaceae,0
Cochlearia anglica,simple,13715,92029,Brassicaceae,0
Colchicum bulbocodium,simple,215561,92132,Colchicaceae,0
Colocasia esculenta,simple,13920,447722,Araceae,0
Conringia orientalis,simple,14232,92254,Brassicaceae,0
Convolvulus lanuginosus,simple,14258,92329,Convolvulaceae,0
Convolvulus lineatus,simple,14259,92331,Convolvulaceae,0
Coronilla coronata,compound,14615,92515,Fabaceae,0
Corydalis solida,compound,14680,92594,Papaveraceae,0
Cota tinctoria,compound,216684,92629,Asteraceae,0
Cotoneaster integerrimus,simple,14810,92667,Rosaceae,0
Crambe maritima,simple,14977,92782,Brassicaceae,0
Crassula helmsii,simple,15024,92793,Crassulaceae,0
Crepis aurea,simple,15170,93004,Asteraceae,0
Crepis capillaris,simple,15174,93023,Asteraceae,0
Crepis conyzifolia,simple,15175,93027,Asteraceae,0
Crocus vernus,simple,15247,93282,Iridaceae,0
Cruciata glabra,simple,15612,93307,Rubiaceae,0
Cytisus hirsutus,compound,16626,94123,Fabaceae,0
Dactylorhiza traunsteineri,simple,NA,94287,Orchidaceae,0
Danthonia decumbens,simple,16898,94402,Poaceae,0
Daphne cneorum,simple,16950,94423,Thymelaeaceae,0
Dianthus barbatus,simple,17585,94698,Caryophyllaceae,0
Dianthus deltoides,simple,17594,94728,Caryophyllaceae,0
Digitaria ischaemum,simple,18003,94985,Poaceae,0
Diospyros virginiana,simple,18628,611108,Ebenaceae,0
Diphasiastrum alpinum,simple,18642,95056,Lycopodiaceae,0
Dipsacus pilosus,compound,18731,95154,Caprifoliaceae,0
Doronicum austriacum,simple,19146,95209,Asteraceae,0
Draba verna,simple,19236,95372,Brassicaceae,0
Dryopteris affinis,compound,19400,95547,Dryopteridaceae,0
Dryopteris expansa,compound,19412,95566,Dryopteridaceae,0
Echinops exaltatus,simple,19782,95700,Asteraceae,0
Echinops ritro,simple,19791,95709,Asteraceae,0
Elaeagnus umbellata,simple,19926,95841,Elaeagnaceae,0
Elatine hydropiper,simple,20037,95860,Elatinaceae,0
Eleocharis ovata,simple,20103,95919,Cyperaceae,0
Eleusine indica,simple,20139,95965,Poaceae,0
Elymus caninus,simple,20243,95992,Poaceae,0
Empetrum nigrum,simple,20484,96069,Ericaceae,0
Ephedra major,simple,20760,96106,Ephedraceae,0
Epilobium alpestre,simple,20796,96127,Onagraceae,0
Epilobium ciliatum,simple,20816,96149,Onagraceae,0
Epipactis palustris,simple,20915,96465,Orchidaceae,0
Eragrostis minor,simple,21194,96613,Poaceae,0
Erica multiflora,simple,21584,96683,Ericaceae,0
Erigeron alpinus,simple,21626,96736,Asteraceae,0
Erigeron annuus,simple,21627,96739,Asteraceae,0
Erigeron karvinskianus,simple,21656,96775,Asteraceae,0
Eritrichium nanum,simple,21893,96872,Boraginaceae,0
Erodium ciconium,compound,21899,96894,Geraniaceae,0
Erodium malacoides,compound,21908,96919,Geraniaceae,0
Eryngium maritimum,simple,21972,97145,Apiaceae,0
Erysimum cheiranthoides,simple,21995,97183,Brassicaceae,0
Erythronium dens-canis,simple,22124,97325,Liliaceae,0
Eucalyptus delegatensis,simple,22469,611735,Myrtaceae,0
Euphorbia characias,simple,23368,97478,Euphorbiaceae,0
Euphorbia dendroides,simple,23397,97492,Euphorbiaceae,0
Euphorbia exigua,simple,23415,97511,Euphorbiaceae,0
Euphorbia humifusa,simple,23456,97543,Euphorbiaceae,0
Euphrasia minima,simple,23656,97772,Orobanchaceae,0
Euthamia graminifolia,simple,23772,97862,Asteraceae,0
Falcaria vulgaris,compound,23910,97956,Apiaceae,0
Fallopia convolvulus,simple,23920,97962,Polygonaceae,0
Festuca halleri,simple,24349,98272,Poaceae,0
Festuca heterophylla,simple,24363,98280,Poaceae,0
Festuca nigrescens,simple,24486,98404,Poaceae,0
Festuca pallens,simple,24513,98426,Poaceae,0
Filago pyramidata,simple,24987,98699,Asteraceae,0
Fragaria viridis,compound,25215,98868,Rosaceae,0
Fraxinus pennsylvanica,compound,25263,98939,Oleaceae,0
Fumaria parviflora,compound,25356,99111,Papaveraceae,0
Fumaria vaillantii,compound,25361,99139,Papaveraceae,0
Gagea lutea,simple,25381,99185,Liliaceae,0
Gagea spathacea,simple,25387,99206,Liliaceae,0
Galeopsis speciosa,simple,25472,99331,Lamiaceae,0
Galinsoga quadriradiata,simple,25478,99359,Asteraceae,0
Galium glaucum,simple,25515,99429,Rubiaceae,0
Galium saxatile,simple,25548,99529,Rubiaceae,0
Galium verticillatum,simple,83922,99581,Rubiaceae,0
Gentiana asclepiadea,simple,25949,99862,Gentianaceae,0
Geranium dissectum,compound,26052,100052,Geraniaceae,0
Geranium pusillum,simple,26083,100133,Geraniaceae,0
Geum reptans,compound,26144,100214,Rosaceae,0
Gladiolus imbricatus,simple,26294,100273,Iridaceae,0
Gladiolus palustris,simple,26307,100278,Iridaceae,0
Glebionis segetum,simple,26335,100304,Asteraceae,0
Gleditsia triacanthos,compound,26351,100330,Fabaceae,0
Globularia bisnagarica,simple,NA,100338,Plantaginaceae,0
Globularia vulgaris,simple,26390,100356,Plantaginaceae,0
Gymnadenia odoratissima,simple,27313,100614,Orchidaceae,0
Gymnocarpium dryopteris,compound,27329,100636,Cystopteridaceae,0
Hedysarum hedysaroides,compound,28041,100839,Fabaceae,0
Helianthemum marifolium,simple,28111,100946,Cistaceae,0
Helianthus tuberosus,simple,28156,101055,Asteraceae,0
Helleborus niger,compound,28385,101196,Ranunculaceae,0
Helminthotheca echioides,simple,85647,101210,Asteraceae,0
Helosciadium nodiflorum,compound,85659,101221,Apiaceae,0
Herminium monorchis,simple,28538,101315,Orchidaceae,0
Hieracium humile,simple,28939,102055,Asteraceae,0
Hieracium maculatum,simple,28978,102189,Asteraceae,0
Hieracium prenanthoides,simple,29024,102392,Asteraceae,0
Hippocrepis comosa,compound,29208,102842,Fabaceae,0
Hippocrepis emerus,compound,29209,102845,Fabaceae,0
Hirschfeldia incana,simple,NA,102876,Brassicaceae,0
Homogyne alpina,simple,29404,102925,Asteraceae,0
Hordeum jubatum,simple,29525,102964,Poaceae,0
Hordeum marinum,simple,29528,102968,Poaceae,0
Hydrocharis morsus-ranae,simple,NA,103120,Hydrocharitaceae,0
Hydrocotyle vulgaris,simple,29766,103142,Araliaceae,0
Hyparrhenia hirta,simple,29919,103216,Poaceae,0
Hypericum humifusum,simple,29986,103288,Hypericaceae,0
Hypericum montanum,simple,30003,103301,Hypericaceae,0
Hypochaeris glabra,simple,30049,103364,Asteraceae,0
Hypochaeris maculata,simple,30050,103369,Asteraceae,0
Hypochaeris uniflora,simple,30055,103383,Asteraceae,0
Impatiens balfourii,simple,30375,103543,Balsaminaceae,0
Inula britannica,simple,NA,103598,Asteraceae,0
Inula salicina,simple,30688,103648,Asteraceae,0
Iris graminea,simple,30855,103738,Iridaceae,0
Iris sibirica,simple,30875,103777,Iridaceae,0
Isolepis setacea,simple,31167,103898,Cyperaceae,0
Jacobaea paludosa,simple,235398,103995,Asteraceae,0
Juncus acutiflorus,simple,31444,104101,Juncaceae,0
Juncus alpinoarticulatus,simple,31446,104111,Juncaceae,0
Juncus articulatus,simple,31454,104126,Juncaceae,0
Juncus compressus,simple,31471,104155,Juncaceae,0
Juncus maritimus,simple,31496,104246,Juncaceae,0
Koeleria macrantha,simple,31934,104644,Poaceae,0
Laburnum alpinum,compound,32074,104715,Fabaceae,0
Laburnum anagyroides,compound,32075,104716,Fabaceae,0
Lactuca quercina,simple,32126,104766,Asteraceae,0
Laphangium luteoalbum,simple,NA,610681,Asteraceae,0
Lathyrus hirsutus,compound,32477,105201,Fabaceae,0
Lathyrus japonicus,compound,32481,105206,Fabaceae,0
Lathyrus pannonicus,compound,32497,105241,Fabaceae,0
Leersia oryzoides,simple,32666,105400,Poaceae,0
Leontodon crispus,simple,32725,105490,Asteraceae,0
Leontodon hispidus,simple,32728,105502,Asteraceae,0
Leontodon saxatilis,simple,NA,105521,Asteraceae,0
Lepidium coronopus,compound,237342,984396,Brassicaceae,0
Lepidium didymum,simple,88228,105615,Brassicaceae,0
Lepidium latifolium,simple,32784,105641,Brassicaceae,0
Lepidium sativum,simple,32802,105673,Brassicaceae,0
Lepidium virginicum,simple,32810,105689,Brassicaceae,0
Leucanthemum ircutianum,simple,33146,105795,Asteraceae,0
Leucojum vernum,simple,33166,105841,Amaryllidaceae,0
Ligularia sibirica,simple,33402,105908,Asteraceae,0
Limonium binervosum,simple,33492,106047,Plumbaginaceae,0
Limonium echioides,simple,88585,106070,Plumbaginaceae,0
Limonium vulgare,simple,33506,106112,Plumbaginaceae,0
Linnaea borealis,simple,33616,106260,Caprifoliaceae,0
Linum austriacum,simple,33632,106280,Linaceae,0
Linum usitatissimum,simple,33662,106349,Linaceae,0
Lolium remotum,simple,34021,106504,Poaceae,0
Lolium temulentum,simple,34023,106517,Poaceae,0
Lonicera japonica,simple,34141,106571,Caprifoliaceae,0
Luzula multiflora,simple,34502,106842,Juncaceae,0
Lychnis coronaria,simple,34524,106910,Caryophyllaceae,0
Lysimachia tenella,simple,NA,107085,Primulaceae,0
Lythrum virgatum,simple,34678,107126,Lythraceae,0
Medicago littoralis,compound,35824,107647,Fabaceae,0
Medicago marina,compound,35826,107654,Fabaceae,0
Medicago orbicularis,compound,35832,107677,Fabaceae,0
Medicago polyceratia,compound,90181,107688,Fabaceae,0
Melica ciliata,simple,36062,107851,Poaceae,0
Mercurialis tomentosa,simple,90395,108367,Euphorbiaceae,0
Milium effusum,simple,36750,108537,Poaceae,0
Minuartia recurva,simple,36913,108612,Caryophyllaceae,0
Moehringia muscosa,simple,37010,108686,Caryophyllaceae,0
Montia fontana,simple,37208,108785,Montiaceae,0
Mutellina adonidifolia,compound,NA,610917,Apiaceae,0
Myagrum perfoliatum,simple,37477,108948,Brassicaceae,0
Myosotis discolor,simple,37499,109019,Boraginaceae,0
Myosotis laxa,simple,37500,109042,Boraginaceae,0
Myriophyllum aquaticum,compound,37610,109141,Haloragaceae,0
Neotinea tridentata,simple,243838,162206,Orchidaceae,0
Nepeta nuda,simple,38048,109534,Lamiaceae,0
Nicandra physalodes,simple,38185,109600,Solanaceae,0
Noccaea alpestris,simple,440607,109665,Brassicaceae,0
Nymphoides peltata,simple,38398,109769,Menyanthaceae,0
Odontites luteus,simple,38637,109838,Orobanchaceae,0
Oenanthe crocata,compound,38665,109864,Apiaceae,0
Olea europaea,simple,38823,110002,Oleaceae,0
Ononis minutissima,compound,38987,110205,Fabaceae,0
Ononis pusilla,compound,38991,110221,Fabaceae,0
Ononis striata,compound,70007,110237,Fabaceae,0
Onosma arenaria,simple,39012,110290,Boraginaceae,0
Ophioglossum vulgatum,simple,39048,110313,Ophioglossaceae,0
Orchis militaris,simple,39153,110920,Orchidaceae,0
Oreochloa disticha,simple,39181,111233,Poaceae,0
Orlaya platycarpos,compound,442666,111301,Apiaceae,0
Ornithopus perpusillus,compound,39289,111419,Fabaceae,0
Oryza sativa,simple,39381,111793,Poaceae,0
Oxalis corniculata,compound,39576,111876,Oxalidaceae,0
Pancratium maritimum,simple,39903,112070,Amaryllidaceae,0
Panicum virgatum,simple,40121,112259,Poaceae,0
Paronychia arabica,simple,92555,112428,Caryophyllaceae,0
Paronychia argentea,simple,40390,112429,Caryophyllaceae,0
Paronychia capitata,simple,40392,112431,Caryophyllaceae,0
Pedicularis gyroflexa,compound,40695,997256,Orobanchaceae,0
Pedicularis kerneri,compound,64717,112584,Orobanchaceae,0
Pedicularis tuberosa,compound,40713,112602,Orobanchaceae,0
Persicaria amphibia,simple,41183,112727,Polygonaceae,0
Petasites albus,simple,41260,112778,Asteraceae,0
Petrocallis pyrenaica,simple,41282,112803,Brassicaceae,0
Phagnalon saxatile,simple,41414,112935,Asteraceae,0
Phegopteris connectilis,compound,41470,113079,Thelypteridaceae,0
Philadelphus coronarius,simple,41481,113134,Hydrangeaceae,0
Phleum phleoides,simple,41548,113219,Poaceae,0
Phlomis lychnitis,simple,41561,113243,Lamiaceae,0
Phyla nodiflora,simple,41673,113294,Verbenaceae,0
Physostegia virginiana,simple,41870,1032086,Lamiaceae,0
Phyteuma spicatum,simple,41893,113407,Campanulaceae,0
Pilularia globulifera,simple,42021,113547,Marsileaceae,0
Pinguicula alpina,simple,42087,113609,Lentibulariaceae,0
Pinguicula vulgaris,simple,42090,113639,Lentibulariaceae,0
Pinus brutia,simple,42101,162292,Pinaceae,0
Pittosporum undulatum,simple,42441,113786,Pittosporaceae,0
Plantago argentea,simple,42511,113810,Plantaginaceae,0
Platanthera chlorantha,simple,42575,114012,Orchidaceae,0
Platycladus orientalis,simple,42606,114037,Cupressaceae,0
Poa chaixii,simple,42818,114153,Poaceae,0
Poa trivialis,simple,42893,114416,Poaceae,0
Polygala amarella,simple,43114,114526,Polygalaceae,0
Polygala serpyllifolia,simple,43176,114589,Polygalaceae,0
Polygonum maritimum,simple,43255,114779,Polygonaceae,0
Pontederia cordata,simple,43476,115096,Pontederiaceae,0
Potamogeton berchtoldii,simple,43599,115233,Potamogetonaceae,0
Potamogeton crispus,simple,43603,115245,Potamogetonaceae,0
Potamogeton polygonifolius,simple,43621,115301,Potamogetonaceae,0
Potentilla aurea,compound,43642,115414,Rosaceae,0
Potentilla caulescens,compound,43648,115431,Rosaceae,0
Potentilla intermedia,compound,43683,115530,Rosaceae,0
Potentilla norvegica,compound,43700,115575,Rosaceae,0
Prospero autumnale,simple,254981,115975,Asparagaceae,0
Prunella grandiflora,simple,44285,1030499,Lamiaceae,0
Prunella laciniata,simple,44287,115998,Lamiaceae,0
Prunus persica,simple,44392,116112,Rosaceae,0
Pseudorchis albida,simple,44553,116206,Orchidaceae,0
Pyrola media,simple,45186,116542,Ericaceae,0
Pyrus spinosa,simple,45258,116610,Rosaceae,0
Quercus coccifera,simple,45348,116672,Fagaceae,0
Quercus rubra,simple,45473,116762,Fagaceae,0
Ranunculus aconitifolius,compound,45586,116902,Ranunculaceae,0
Ranunculus breyninus,compound,45611,116948,Ranunculaceae,0
Ranunculus flammula,simple,45634,117025,Ranunculaceae,0
Ranunculus fluitans,compound,45635,117027,Ranunculaceae,0
Ranunculus lateriflorus,simple,45661,117090,Ranunculaceae,0
Ranunculus platanifolius,compound,45715,117174,Ranunculaceae,0
Rapistrum rugosum,simple,45813,117393,Brassicaceae,0
Reichardia picroides,simple,45882,117426,Asteraceae,0
Reseda lutea,compound,45914,117458,Resedaceae,0
Rhamnus alaternus,simple,45976,117526,Rhamnaceae,0
Rhaponticum centauroides,simple,375331,717862,Asteraceae,0
Ribes nigrum,simple,46517,117766,Grossulariaceae,0
Rorippa amphibia,simple,46693,117933,Brassicaceae,0
Rorippa sylvestris,simple,46713,117951,Brassicaceae,0
Rosa agrestis,compound,46716,117986,Rosaceae,0
Rosa multiflora,compound,46762,118353,Rosaceae,0
Rostraria cristata,simple,46815,118872,Poaceae,0
Rubus caesius,compound,46948,118993,Rosaceae,0
Rubus saxatilis,compound,47326,119318,Rosaceae,0
Rumex longifolius,simple,47488,119525,Polygonaceae,0
Ruppia maritima,simple,47527,119691,Ruppiaceae,0
Ruta angustifolia,compound,47568,119707,Rutaceae,0
Sabulina tenuifolia,simple,451564,119753,Caryophyllaceae,0
Sabulina verna,simple,451567,119754,Caryophyllaceae,0
Sagina apetala,simple,47695,119780,Caryophyllaceae,0
Sagina procumbens,simple,47706,119818,Caryophyllaceae,0
Sagittaria graminea,simple,96466,119850,Alismataceae,0
Salix aurita,simple,47791,119952,Salicaceae,0
Salvia verbenaca,simple,48185,120700,Lamiaceae,0
Salvinia natans,simple,48192,120709,Salviniaceae,0
Saussurea alpina,simple,48547,120949,Asteraceae,0
Saxifraga androsacea,simple,48581,120973,Saxifragaceae,0
Saxifraga cotyledon,simple,48595,121024,Saxifragaceae,0
Saxifraga tridactylites,simple,48631,121201,Saxifragaceae,0
Scandix stellata,compound,71280,121455,Apiaceae,0
Scolymus hispanicus,compound,49193,121901,Asteraceae,0
Scrophularia canina,compound,49226,122003,Scrophulariaceae,0
Secale cereale,simple,49321,122085,Poaceae,0
Sedum alpestre,simple,49364,122107,Crassulaceae,0
Sedum sexangulare,simple,49399,122256,Crassulaceae,0
Selaginella selaginoides,simple,49434,122308,Selaginellaceae,0
Senecio leucanthemifolius,simple,97498,122650,Asteraceae,0
Senecio vernalis,simple,49636,122740,Asteraceae,0
Sesleria caerulea,simple,49838,123071,Poaceae,0
Sesleria ovata,simple,49840,123082,Poaceae,0
Setaria faberi,simple,49858,123111,Poaceae,0
Setaria italica,simple,49872,123122,Poaceae,0
Setaria parviflora,simple,49889,123138,Poaceae,0
Sideritis hirsuta,simple,50122,123249,Lamiaceae,0
Silaum silaus,compound,50169,123367,Apiaceae,0
Silene colorata,simple,50197,123445,Caryophyllaceae,0
Silene italica,simple,50234,123512,Caryophyllaceae,0
Sison amomum,compound,50408,123773,Apiaceae,0
Smyrnium olusatrum,compound,50600,124003,Apiaceae,0
Sonchus palustris,simple,50930,124264,Asteraceae,0
Sparganium angustifolium,simple,51202,124405,Typhaceae,0
Spergula morisonii,simple,51246,124517,Caryophyllaceae,0
Spiraea japonica,simple,51387,124646,Rosaceae,0
Stellaria alsine,simple,51617,124967,Caryophyllaceae,0
Stellaria palustris,simple,51640,125024,Caryophyllaceae,0
Symphyotrichum novae-angliae,simple,71836,125331,Asteraceae,0
Symphyotrichum novi-belgii,simple,64917,448412,Asteraceae,0
Symphytum tuberosum,simple,52532,125364,Boraginaceae,0
Tanacetum corymbosum,compound,53011,125460,Asteraceae,0
Teucrium flavum,simple,53957,125994,Lamiaceae,0
Thalictrum aquilegiifolium,compound,53981,126078,Ranunculaceae,0
Thesium pyrenaicum,simple,54127,126310,Thesiaceae,0
Tofieldia pusilla,simple,54448,126806,Tofieldiaceae,0
Tolpis staticifolia,simple,54453,126821,Asteraceae,0
Toxicodendron radicans,compound,54547,126914,Anacardiaceae,0
Trachycarpus fortunei,simple,54567,126933,Arecaceae,0
Tragopogon dubius,simple,54636,127005,Asteraceae,0
Trifolium fragiferum,compound,54948,127314,Fabaceae,0
Trifolium hybridum,compound,54956,127337,Fabaceae,0
Trifolium medium,compound,54965,127382,Fabaceae,0
Trifolium montanum,compound,54974,127395,Fabaceae,0
Triglochin palustris,simple,55036,127547,Juncaginaceae,0
Trinia glauca,compound,55094,127595,Apiaceae,0
Tripleurospermum inodorum,compound,55128,127613,Asteraceae,0
Tripleurospermum maritimum,compound,55129,127614,Asteraceae,0
Triticum aestivum,simple,55224,127692,Poaceae,0
Ulmus laevis,simple,55457,128171,Ulmaceae,0
Urospermum picroides,simple,55584,128256,Asteraceae,0
Valeriana tripteris,compound,55791,128445,Caprifoliaceae,0
Vallisneria spiralis,simple,55812,128504,Hydrocharitaceae,0
Verbascum lychnitis,simple,55991,128602,Scrophulariaceae,0
Veronica agrestis,simple,56226,128786,Plantaginaceae,0
Veronica catenata,simple,56241,128829,Plantaginaceae,0
Veronica peregrina,simple,56267,128954,Plantaginaceae,0
Veronica persica,simple,56268,128956,Plantaginaceae,0
Veronica triloba,simple,460836,1003758,Plantaginaceae,0
Veronica triphyllos,simple,56282,129032,Plantaginaceae,0
Vicia cracca,compound,56356,129147,Fabaceae,0
Vicia narbonensis,compound,56382,129252,Fabaceae,0
Vicia pisiformis,compound,56393,129275,Fabaceae,0
Viola hirta,simple,56526,129586,Violaceae,0
Viola riviniana,simple,56568,129669,Violaceae,0
Vitis vulpina,simple,56747,129969,Vitaceae,0
Vulpia bromoides,simple,56829,129997,Poaceae,0
Xeranthemum cylindraceum,simple,57205,130515,Asteraceae,0
Zea mays,simple,57448,130621,Poaceae,0
Zygophyllum fabago,compound,57651,130691,Zygophyllaceae,0
Salicornia fruticosa,simple,NA,119883,Amaranthaceae,1
Salicornia perennis,simple,NA,119892,Amaranthaceae,1
Libanotis pyrenaica,compound,88418,610580,Apiaceae,0
Laserpitium siler,compound,32394,105092,Apiaceae,0
Bunium bulbocastanum,compound,8867,86983,Apiaceae,0
Picris hieracioides,simple,41971,113474,Asteraceae,0
Polystichum lonchitis,compound,43410,115061,Dryopteridaceae,0
Pedicularis pyrenaica,compound,92698,112591,Orobanchaceae,0
Anthyllis barba-jovis,compound,4061,82965,Fabaceae,0
Astragalus stella,compound,75852,84904,Fabaceae,0
Bituminaria bituminosa,compound,7475,86083,Fabaceae,0
Lotus dorycnium,compound,436240,106664,Fabaceae,0
Ononis variegata,simple,39000,110239,Fabaceae,0
Trifolium badium,compound,54929,127237,Fabaceae,0
Trifolium retusum,compound,55000,127458,Fabaceae,0
Vicia angustifolia,compound,56350,129109,Fabaceae,0
Ulex parviflorus,simple,55436,128127,Fabaceae,0
Medicago polymorpha,simple,35836,107689,Fabaceae,0
